{"acc": [[0, 1.4016565685892601e-15], [3.1e-05, -0.08107950707986651], [0.014026, 0.16832109217775], [0.014072, -0.22938105497727268], [0.049799, -1.4164956916445093], [0.049818, -1.722419163787615], [0.064839, -1.6599289905485253], [0.06488, -1.4950185142230872], [0.099448, -0.7699093320508995], [0.099473, -0.5895458370998676], [0.114514, -0.553611709445112], [0.114545, -0.8366511551738829], [0.150062, -2.0276198315001603], [0.150077, -2.5378445920770973], [0.163968, -2.0123890024612323], [0.163997, -2.542199974810985], [0.199169, -3.7272168115458735], [0.199192, -3.7486483671306714], [0.214139, -4.381962247528332], [0.214161, -3.0640907581780126], [0.249464, 1.493918105729028], [0.24948, 2.854212082798078], [0.263518, 2.110042845187113], [0.263546, 2.2945605833627187], [0.298884, 1.8709878081155196], [0.298905, 1.7414571873898024], [0.313895, 1.720751980822764], [0.313922, 1.9229340334879466], [0.348817, 2.8016508684818855], [0.34884, 2.967879927438105], [0.363883, 3.0552516735306705], [0.363904, 2.697902308733325], [0.39923, 1.3224080322801228], [0.399254, 0.8993070991443788], [0.413221, 1.1199898971751128], [0.413249, 1.112229337382841], [0.448848, 1.4903019680381582], [0.448866, 1.7678792589160115], [0.463104, 1.3601597520550028], [0.463126, 1.8802230647804075], [0.497967, 3.2715622488897838], [0.497994, 3.422925317030228], [0.513274, 3.8386757728696437], [0.513305, 2.854254581451482], [0.547677, -0.6073187249815527], [0.5477, -1.4939809321297761], [0.562811, -1.2765095333376815], [0.562833, -0.8661842355846083], [0.598377, 1.1466113029312914], [0.598409, 1.527488545993109], [0.612336, 1.799977514754827], [0.612361, 0.8530713314099422], [0.647857, -2.656194351325828], [0.647877, -3.5006758149584427], [0.661808, -3.4893608951725805], [0.661846, -2.6356582314679793], [0.697275, 0.9663713645474762], [0.697317, 2.195267074080002], [0.712423, 1.4179128943951151], [0.712444, 1.6717236328125007]], "pos": [[0, -0.07069444265939676], [0.040236, -0.06595536320898598], [0.09022, -0.07126234156206955], [0.261161, -0.09006746980808135], [0.321085, -0.11427995071463791], [0.401109, -0.13035811600911984], [0.471597, -0.12973167555006726], [0.631973, -0.1137684536944428], [0.682414, -0.09034323876254458]], "vel_acc": [[0, 0.0], [3.1e-05, -1.2567323597379092e-06], [0.014026, 0.0006092162593627017], [0.014072, 0.0006078118802183128], [0.049799, -0.028793307383059893], [0.049818, -0.02882312707418649], [0.064839, -0.05422625288732806], [0.06488, -0.05429092931117588], [0.099448, -0.09343794220617546], [0.099473, -0.09345493539578986], [0.114514, -0.10205205172458139], [0.114545, -0.10207360079898296], [0.150062, -0.152938757115834], [0.150077, -0.15297299809901077], [0.163968, -0.18457664552987676], [0.163997, -0.18464268707004722], [0.199169, -0.29489665067491894], [0.199192, -0.2949826231244737], [0.214139, -0.35574674155312774], [0.214161, -0.3558286481361905], [0.249464, -0.3835445507108937], [0.24948, -0.3835097656693855], [0.263518, -0.3486656603298575], [0.263546, -0.3486039958818578], [0.298884, -0.27500292135282883], [0.298905, -0.274964990680376], [0.313895, -0.24901573296462284], [0.313922, -0.24896654320342962], [0.348817, -0.16653434812631096], [0.34884, -0.16646799852215793], [0.363883, -0.12116501418547118], [0.363904, -0.12110460606865742], [0.39923, -0.050093864515336956], [0.399254, -0.05006720393375983], [0.413221, -0.03596544335996265], [0.413249, -0.03593419229067887], [0.448848, 0.01038956368016226], [0.448866, 0.010418887311204793], [0.463104, 0.03268739703030749], [0.463126, 0.032723041241292626], [0.497967, 0.12246971729808422], [0.497994, 0.12256009288022413], [0.513274, 0.1780387252070592], [0.513305, 0.17814246562755118], [0.547677, 0.21675830525684334], [0.5477, 0.21673414031078658], [0.562811, 0.19580169959894725], [0.562833, 0.19577812996748903], [0.598377, 0.2007618798083743], [0.598409, 0.20080466540595698], [0.612336, 0.22397547531997528], [0.612361, 0.2240086384305524], [0.647857, 0.19200681107308526], [0.647877, 0.19194524237142235], [0.661808, 0.143256141667005], [0.661846, 0.14313976630359854], [0.697275, 0.11356918409953534], [0.697317, 0.1136355785067465], [0.712423, 0.14092592680863916], [0.712444, 0.14095836799217473]], "vel_pos": [[0, 0.11778207203526124], [0.040236, -0.10617354259530183], [0.09022, -0.11000946669325565], [0.261161, -0.40405314909813345], [0.321085, -0.20091679114368088], [0.401109, 0.008887192983948753], [0.471597, 0.09953622646545904], [0.631973, 0.464408218153848], [0.682414, 0.464408218153848]], "vel_est": [[0, 0.12357481609306402], [3.1e-05, 0.12343275818524391], [0.014026, 0.062225829705598264], [0.014072, 0.06203416627519137], [0.049799, -0.06875446417739738], [0.049818, -0.06881470629983398], [0.064839, -0.11348027244558005], [0.06488, -0.11359420620572304], [0.099448, -0.19490166708822215], [0.099473, -0.19495016340059018], [0.114514, -0.22156143549197316], [0.114545, -0.2216110757173112], [0.150062, -0.2651789396884434], [0.150077, -0.2651919496476348], [0.163968, -0.275400606733672], [0.163997, -0.27541814240417073], [0.199169, -0.2858291584832057], [0.199192, -0.28582920911095316], [0.214139, -0.2841283619759081], [0.214161, -0.2841233659018429], [0.249464, -0.26741645868289937], [0.24948, -0.267405187836965], [0.263518, -0.2563414600459924], [0.263546, -0.2563171132150183], [0.298884, -0.21909520786415332], [0.298905, -0.2190695438254182], [0.313895, -0.19981164462888212], [0.313922, -0.1997753387817831], [0.348817, -0.14871614596363958], [0.34884, -0.148680100707063], [0.363883, -0.12456553656075507], [0.363904, -0.1245311768322042], [0.39923, -0.06473717833803382], [0.399254, -0.06469555879964665], [0.413221, -0.04036045387697461], [0.413249, -0.040311505208248125], [0.448848, 0.02169857597000091], [0.448866, 0.021729544382508445], [0.463104, 0.045982407735846345], [0.463126, 0.046019452946895315], [0.497967, 0.10231184774307436], [0.497994, 0.10235323768913239], [0.513274, 0.1250816919927515], [0.513305, 0.1251263055856655], [0.547677, 0.17015878262706313], [0.5477, 0.1701856242243292], [0.562811, 0.18673358095514409], [0.562833, 0.18675603027519805], [0.598377, 0.2160224205048995], [0.598409, 0.21604197730910263], [0.612336, 0.22327864349641968], [0.612361, 0.22328928828498798], [0.647857, 0.22917899408526426], [0.647877, 0.2291768142072061], [0.661808, 0.2260391077746092], [0.661846, 0.2260260374395945], [0.697275, 0.2024182769360051], [0.697317, 0.20237611656898657], [0.712423, 0.1848969828367596], [0.712444, 0.18486941172672552]]}