{"acc": [[0, -1.3877787807814457e-17], [2.6e-05, -0.004640187291280087], [0.03557, 0.051985764333531415], [0.035591, -0.17284965813243067], [0.049729, 0.35744153821672076], [0.049754, -0.502308914773867], [0.086256, -3.2612314711436907], [0.086273, -3.916313767053457], [0.100265, -3.8449510105560103], [0.100284, -3.3623996883007328], [0.135728, -1.2325096280722534], [0.135769, -0.7371078959775627], [0.149635, -0.7202955363036542], [0.149665, -1.2339074520219997], [0.185061, -3.3075885208154396], [0.18508, -3.6478197111589727], [0.200354, -4.0276595827907355], [0.200392, -2.9032922374153602], [0.235276, 1.2236149412328607], [0.235298, 2.2954029602003283], [0.249453, 2.0448341932015333], [0.249482, 1.4799877698444857], [0.284894, -1.3383220799643003], [0.284911, -2.1884773500608437], [0.299842, -1.8031116540127314], [0.299873, -1.703038447804821], [0.335362, -0.4667187528689951], [0.335386, 0.014020161601863118], [0.34889, -0.4594711616469194], [0.348926, 0.025997679819129205], [0.384576, 1.281198735855194], [0.384594, 1.770335057644555], [0.398611, 1.2832042564899546], [0.398661, 1.7970434617125073], [0.434283, 3.1673157656531], [0.434343, 3.374493274155798], [0.449328, 3.585692299718124], [0.449371, 2.9745704065661407], [0.484022, 0.864717583409466], [0.48404, 0.3916349120566816], [0.499132, 0.28898170491354086], [0.499151, 0.9895739952819711], [0.534587, 3.8112320058941425], [0.534605, 4.735173866424042], [0.548542, 4.144010340566537], [0.548573, 4.396467599966557], [0.583567, 4.324009136644079], [0.583584, 4.034365980474371], [0.598591, 4.670067606633031], [0.59861, 3.677713312520396], [0.633981, 0.5643058660656592], [0.633998, -0.3197636383428472], [0.648089, 0.09363837015397448], [0.648133, 0.10091562335088668], [0.683189, 0.7507842876949821], [0.683205, 0.8943281641638062], [0.698124, 0.9824061316439547], [0.698148, 0.6438773001340228], [0.733837, -0.7204318435655204], [0.733865, -1.018044225138043], [0.747985, -1.018544574528729], [0.748007, -0.7455331956111764], [0.782829, 0.32834979056635705], [0.782845, 0.39330736176579734], [0.797922, 0.8560383912514543], [0.797962, -0.14825988112707658], [0.832977, -3.5782604370802558], [0.833005, -4.369375174451778], [0.847152, -4.394507823204643], [0.847176, -3.5556187794292016], [0.882985, 0.1009280849137627], [0.883007, 1.1296833207991983], [0.897241, 0.6210502090788268], [0.897275, 0.7039989435368441], [0.932821, -2.2273681640625003]], "pos": [[0, -0.06556979182064417], [0.060088, -0.07725577800672402], [0.290877, -0.09602755746237276], [0.361301, -0.11944760670424258], [0.461292, -0.1381002649262824], [0.65202, -0.1401555490635102], [0.712134, -0.11722162448546343], [0.942857, -0.07439370508750252]], "vel_acc": [[0, 0.0], [2.6e-05, -6.032243478664131e-08], [0.03557, 0.0008413652727601038], [0.035591, 0.0008400962018752157], [0.049729, 0.0021449762021910623], [0.049754, 0.002143165359984099], [0.086256, -0.06654521022339724], [0.086273, -0.06660621935792192], [0.100265, -0.12090402774207779], [0.100284, -0.12097249757371689], [0.135728, -0.20240348047847895], [0.135769, -0.20244385763772196], [0.149635, -0.21254803563372762], [0.149665, -0.2125773486785525], [0.185061, -0.2929527444058295], [0.18508, -0.2930188207840333], [0.200354, -0.35163645615192723], [0.200392, -0.3517681442365111], [0.235276, -0.38106507563652625], [0.235298, -0.3810263664396105], [0.249453, -0.35030833798640887], [0.249482, -0.3502572280679447], [0.284894, -0.34774889536292614], [0.284911, -0.3477788731580814], [0.299842, -0.37757808086799266], [0.299873, -0.3776324261945709], [0.335362, -0.41613368284192737], [0.335386, -0.4161391152250226], [0.34889, -0.4191468003773268], [0.348926, -0.4191546028999997], [0.384576, -0.39585382679060493], [0.384594, -0.3958263629864634], [0.398611, -0.37442563270335166], [0.398661, -0.37434862651039663], [0.434283, -0.28592842431178783], [0.434343, -0.2857321700405936], [0.449328, -0.23358297962834315], [0.449371, -0.23344193398015797], [0.484022, -0.16692434990983562], [0.48404, -0.16691304273737645], [0.499132, -0.16177710974571913], [0.499151, -0.16176496346656727], [0.534587, -0.07670428273772885], [0.534605, -0.07662736508487814], [0.548542, -0.014752769938464388], [0.548573, -0.014620392530386111], [0.583567, 0.13796178893009006], [0.583584, 0.13803283511858574], [0.598591, 0.20334655253944614], [0.59861, 0.20342585645817804], [0.633981, 0.2784480866410618], [0.633998, 0.2784501652499975], [0.648089, 0.2768569996729727], [0.648133, 0.2768612798608298], [0.683189, 0.29178987590164185], [0.683205, 0.29180303680125663], [0.698124, 0.30580253628083465], [0.698148, 0.305822051682016], [0.733837, 0.3044559741317526], [0.733865, 0.3044316354667908], [0.747985, 0.29005331854114336], [0.748007, 0.2900339136856719], [0.782829, 0.2827703334204365], [0.782845, 0.2827761066776552], [0.797922, 0.2921942996367757], [0.797962, 0.29220845520697813], [0.832977, 0.22696640073596325], [0.833005, 0.2268551338374017], [0.847152, 0.1648638074534789], [0.847176, 0.16476840593424721], [0.882985, 0.10291389639429557], [0.883007, 0.1029274331197584], [0.897241, 0.11538740365190028], [0.897275, 0.1154099294874948], [0.932821, 0.08833508833109234]], "vel_pos": [[0, -0.19448119734522482], [0.060088, -0.08133740973637708], [0.290877, -0.33255778203268516], [0.361301, -0.18654337112379948], [0.461292, -0.010775995853926926], [0.65202, 0.3815072125968453], [0.712134, 0.18562483756695658], [0.942857, 0.18562483756695658]], "vel_est": [[0, 0.14241059722184293], [2.6e-05, 0.14228465597431472], [0.03557, -0.013663587285937806], [0.035591, -0.01374636892635167], [0.049729, -0.06705612760610047], [0.049754, -0.0671461535543029], [0.086256, -0.18320208417695463], [0.086273, -0.1832491639419027], [0.100265, -0.21988273935677702], [0.100284, -0.21992964330389067], [0.135728, -0.29454515847308793], [0.135769, -0.2946170027613598], [0.149635, -0.3170785651604284], [0.149665, -0.3171232433406259], [0.185061, -0.3585807806692207], [0.18508, -0.35859719869384554], [0.200354, -0.36987145323515536], [0.200392, -0.36989478602231873], [0.235276, -0.3819651180083974], [0.235298, -0.3819670673355894], [0.249453, -0.3818260042829409], [0.249482, -0.38182290549029807], [0.284894, -0.3700005844358667], [0.284911, -0.36999123478674156], [0.299842, -0.36051451059441264], [0.299873, -0.36049226569308457], [0.335362, -0.3285899773072869], [0.335386, -0.328564311375524], [0.34889, -0.3133228995457491], [0.348926, -0.31328018988926076], [0.384576, -0.26609993878482585], [0.384594, -0.26607384829763236], [0.398611, -0.2451453696462443], [0.398661, -0.24506861551144973], [0.434283, -0.1871338680495606], [0.434343, -0.18703146349558167], [0.449328, -0.16104625786362306], [0.449371, -0.16097060189096882], [0.484022, -0.0984884760085544], [0.48404, -0.0984554179567459], [0.499132, -0.0706160199903661], [0.499151, -0.07058085535030281], [0.534587, -0.005033215366680693], [0.534605, -0.005000132782381067], [0.548542, 0.020467594124168695], [0.548573, 0.02052386171692848], [0.583567, 0.08244941014120395], [0.583584, 0.08247854144609305], [0.598591, 0.10773714295599146], [0.59861, 0.10776850608300975], [0.633981, 0.16291152874575537], [0.633998, 0.1629362897777794], [0.648089, 0.18280021519637435], [0.648133, 0.18286010089202717], [0.683189, 0.22581771831299952], [0.683205, 0.22583498696688614], [0.698124, 0.24091301073424923], [0.698148, 0.2409355724302118], [0.733837, 0.2679106192870838], [0.733865, 0.2679263165571709], [0.747985, 0.2746648223783121], [0.748007, 0.27467344989659015], [0.782829, 0.280520104288007], [0.782845, 0.2805190362831707], [0.797922, 0.277882367961331], [0.797962, 0.27787096208449136], [0.832977, 0.2584047037127262], [0.833005, 0.2583812620759271], [0.847152, 0.24484313181769923], [0.847176, 0.24481724984314146], [0.882985, 0.1946520674932432], [0.883007, 0.19461391022990776], [0.897241, 0.167950143254688], [0.897275, 0.1678816694055792], [0.932821, 0.08328209682993029]]}