{"acc": [[0, -4.312011902055102e-13], [2e-05, -0.003611304564131287], [0.014096, 0.007054714526702909], [0.014134, -0.008548471743543656], [0.049377, -0.06161381737491499], [0.049398, -0.06505719511647617], [0.064458, -0.07635955978003038], [0.064475, -0.05792194365682969], [0.099745, -0.17505878251856652], [0.099758, -0.26317309201505024], [0.114765, 0.01575773180669364], [0.114796, -0.5494639149209664], [0.15028, -2.5315815697630732], [0.1503, -3.7219259953289088], [0.164223, -2.126859211765358], [0.164252, -4.052819158254413], [0.215332, -8.925035846965093], [0.215356, -8.872130688515554], [0.228249, -11.748323167877132], [0.228274, -5.97081847676249], [0.264155, 13.369249264847138], [0.264185, 18.40845398731311], [0.278204, 17.22132405762384], [0.278226, 14.595875284801906], [0.313704, 1.4511796466775806], [0.313726, -2.9311883451713197], [0.328671, -0.16458478254967157], [0.328703, -1.2512467031751076], [0.364241, -0.5716335268033294], [0.364262, 0.5169056561538089], [0.378251, -1.560411258617341], [0.378271, 1.4487833227826263], [0.413424, 10.017112391115315], [0.413445, 12.161819172539415], [0.428424, 12.043912323696661], [0.428449, 10.065492401236334], [0.463374, 1.181986833444221], [0.463391, -2.4953439059634217], [0.477523, 1.2283744738107751], [0.477569, -2.620040659667836], [0.514006, -12.302891249309862], [0.514025, -14.133822825703017], [0.527901, -14.950351993925715], [0.52792, -11.592754761671571], [0.563288, 1.1404292060980703], [0.563318, 4.591606269985938], [0.577293, 3.3910584216940887], [0.577313, 2.540452821954725], [0.613559, -4.379417544240535], [0.613604, -5.139711914062505]], "pos": [[0, 0.04279473213468192], [0.050045, 0.039224683567674765], [0.110084, 0.030723245124049156], [0.170332, 0.017908772823392427], [0.220502, 0.004181263030983603], [0.300955, -0.007146357900906999], [0.351037, -0.012283215723483778], [0.391177, -0.00974424202739487], [0.441249, -0.00299435291444808], [0.50163, 0.003997710307497764]], "vel_acc": [[0, 0.0], [2e-05, -3.611304564562488e-08], [0.014096, 2.4198606270933448e-05], [0.014134, 2.4170224883813483e-05], [0.049377, -0.0012121945528171054], [0.049398, -0.0012135245984482652], [0.064458, -0.0022783927628189597], [0.064475, -0.0022795341555981734], [0.099745, -0.006388149261701285], [0.099758, -0.0063909977688857535], [0.114765, -0.008247478924209158], [0.114796, -0.008255751370047427], [0.15028, -0.06291966035931167], [0.1503, -0.06298219543496256], [0.164223, -0.10369851365414937], [0.164252, -0.10378811899051466], [0.215332, -0.4352425358238208], [0.215356, -0.4354561018222465], [0.228249, -0.5683858576074821], [0.228274, -0.56860734687804], [0.264155, -0.43587579932440756], [0.264185, -0.4353991337756246], [0.278204, -0.18565220456963902], [0.278226, -0.18530221537687286], [0.313704, 0.09935649205264184], [0.313726, 0.0993402119569584], [0.328671, 0.07620704726006332], [0.328703, 0.0761843939562917], [0.364241, 0.04379363514980489], [0.364262, 0.04379306050716307], [0.378251, 0.03649426057073187], [0.378271, 0.03649314429137353], [0.413424, 0.23802346030670063], [0.413445, 0.23825633908811897], [0.428424, 0.41954516512917933], [0.428449, 0.41982153268824096], [0.463374, 0.6162306388238501], [0.463391, 0.6162194752887337], [0.477523, 0.607267069281143], [0.477569, 0.6072350609588684], [0.514006, 0.3353616259751586], [0.514025, 0.3351104771914461], [0.527901, 0.13332447229286198], [0.52792, 0.13307231277868392], [0.563288, -0.051766612346078225], [0.563318, -0.05168063181393704], [0.577293, 0.004098237719176986], [0.577313, 0.004157552831613538], [0.613559, -0.029170004830372215], [0.613604, -0.029384185243184386]], "vel_pos": [[0, -0.07133676824871928], [0.050045, -0.14159860163603005], [0.110084, -0.21269539736848903], [0.170332, -0.2736198882282006], [0.220502, -0.14079799301319537], [0.300955, -0.10256894338438516], [0.351037, 0.06325295705253882], [0.391177, 0.13480366498136262], [0.441249, 0.11579906298249186], [0.50163, 0.11579906298249186]], "vel_est": [[0, 0.1587377554811406], [2e-05, 0.15861083400581558], [0.014096, 0.07474767805626212], [0.014134, 0.07453582364877263], [0.049377, -0.09004850584195681], [0.049398, -0.09012835282957479], [0.064458, -0.14214045820638266], [0.064475, -0.1421933609911889], [0.099745, -0.22560156857536173], [0.099758, -0.2256230811789835], [0.114765, -0.24625726867640663], [0.114796, -0.24629141541422017], [0.15028, -0.26435004973899945], [0.1503, -0.264349129019653], [0.164223, -0.26095852649055057], [0.164252, -0.2609459011399856], [0.215332, -0.207851466047982], [0.215356, -0.20781388424036945], [0.228249, -0.18622524318032446], [0.228274, -0.1861807923911304], [0.264155, -0.1139182626070297], [0.264185, -0.11385191452959526], [0.278204, -0.08205527576651589], [0.278226, -0.08200426386952495], [0.313704, 0.0029483779250147613], [0.313726, 0.003001901415567859], [0.328671, 0.03926828153484288], [0.328703, 0.03934552172955916], [0.364241, 0.1221417369716137], [0.364262, 0.12218811125050433], [0.378251, 0.1521221933844757], [0.378271, 0.1521635040448938], [0.413424, 0.21641178336318817], [0.413445, 0.21644439791205167], [0.428424, 0.23761936478382972], [0.428449, 0.2376510519322693], [0.463374, 0.2682188963478245], [0.463391, 0.2682264924400951], [0.477523, 0.27179829975158576], [0.477569, 0.2718007052141961], [0.514006, 0.25291476561872056], [0.514025, 0.2528933336688238], [0.527901, 0.23372879608140235], [0.52792, 0.23369763613777406], [0.563288, 0.1505473228640082], [0.563318, 0.15045433972341504], [0.577293, 0.10271473332525202], [0.577313, 0.10263996722673974], [0.613559, -0.06508467251822364], [0.613604, -0.06533470195436494]]}