{"acc": [[0, -0.014370117187499962], [2.4e-05, -0.2074109077791904], [0.013055, 0.38306638339964577], [0.013091, -0.5479930690622322], [0.048615, -3.283306636822431], [0.048637, -3.9141774042064834], [0.063013, -3.950794169225322], [0.063063, -3.2798586007839843], [0.098452, -0.6201833032571602], [0.098471, 0.014873124722619646], [0.113585, 0.05119226789263376], [0.113611, -0.6753413319694259], [0.149032, -3.691868291928582], [0.149091, -4.586303183952916], [0.162939, -4.196876913886893], [0.162962, -4.05396439263423], [0.198333, -2.5825225070466393], [0.198351, -1.8764716605786627], [0.213303, -2.765894043412515], [0.213328, -1.6531802704372398], [0.248216, 1.574069937400119], [0.248239, 2.5729660666675414], [0.262135, 1.9321032567959044], [0.26218, 2.2698654707609345], [0.297655, 2.704738322612342], [0.297685, 2.6895771771785735], [0.312873, 2.8548052910567927], [0.312896, 2.5783589723237976], [0.347311, 1.7911845580323056], [0.347329, 1.7344445318281874], [0.362368, 1.4346590993498118], [0.362386, 2.0746423951242106], [0.3971, 4.177962498743805], [0.397126, 4.537257862650606], [0.411943, 4.864622288857316], [0.411961, 3.8461916932103453], [0.447698, 0.10541721835392082], [0.447732, -0.8506191908237689], [0.461912, -0.6573054577685497], [0.461933, -0.1044442040738803], [0.497799, 2.5079356081488093], [0.497833, 3.1900476026014815], [0.511781, 3.1013433338921708], [0.511813, 2.562609708734488], [0.546548, 0.06272152261526354], [0.546565, -0.7650524899781639], [0.561612, -0.2339819614337219], [0.561629, -0.4439851601844393], [0.596504, -0.3157588829715875], [0.596533, 0.030160859922046215], [0.611516, -0.6661049747548704], [0.611531, 0.3550815856601242], [0.646731, 3.3202019823243205], [0.646755, 3.832015600896421], [0.660685, 4.268111993995808], [0.660704, 2.8904910593298805], [0.696469, -2.101556552450931], [0.69649, -3.409366539549488], [0.71079, -3.1307180242905996], [0.710809, -2.3741860123316316], [0.746503, 1.3312540670140338], [0.746531, 2.543359455257111], [0.760412, 1.8105136079862367], [0.760431, 2.0394208614765144], [0.795881, 1.5262935055860736], [0.795903, 1.0897238535963245], [0.81082, 1.8596578605532927], [0.810843, 0.7318100399029625], [0.845598, -2.621169447578717], [0.845619, -3.7115206021643123], [0.860546, -3.051148883563502], [0.860566, -3.2620166015625007]], "pos": [[0, -0.06359390426335229], [0.039991, -0.06445141671303335], [0.110082, -0.06886646397410759], [0.18069, -0.07927195610133705], [0.260791, -0.09637860614385088], [0.321328, -0.1191661025138899], [0.441241, -0.14255445882265602], [0.561616, -0.15663013866952677], [0.611804, -0.15448598430774085], [0.691669, -0.13845505126583194], [0.743117, -0.11615099903099964], [0.84226, -0.09542534460633485], [0.89258, -0.07946852008856993]], "vel_acc": [[0, 0.0], [2.4e-05, -2.6613722996002847e-06], [0.013055, 0.0011418218791054765], [0.013091, 0.0011388531987635503], [0.048615, -0.06691269217715984], [0.048637, -0.06699186450161115], [0.063013, -0.12352528017143898], [0.063063, -0.12370604649068918], [0.098452, -0.19271533796174523], [0.098471, -0.1927210884084413], [0.113585, -0.19222183223644784], [0.113611, -0.19222994617428085], [0.149032, -0.2695754122183265], [0.149091, -0.269819618276865], [0.162939, -0.3306343572743078], [0.162962, -0.3307292419493328], [0.198333, -0.44809883101363884], [0.198351, -0.4481389619611475], [0.213303, -0.48284528796418547], [0.213328, -0.4829005263931086], [0.248216, -0.4842805270426081], [0.248239, -0.48423283612856133], [0.262135, -0.45293161446913727], [0.26218, -0.4528370701727672], [0.297655, -0.3646000353878087], [0.297685, -0.36451912065531195], [0.312873, -0.3224150801915325], [0.312896, -0.32235259880250366], [0.347311, -0.24716367850390109], [0.347329, -0.2471319478420923], [0.362368, -0.2233018730874493], [0.362386, -0.22327028937399912], [0.3971, -0.11474382623113188], [0.397126, -0.11463052836643389], [0.411943, -0.044976699263987334], [0.411961, -0.04489830193814865], [0.447698, 0.02571102189813737], [0.447732, 0.02569835346460537], [0.461912, 0.015007167706085853], [0.461933, 0.014999169334636511], [0.497799, 0.05810098068391222], [0.497833, 0.058197846398495075], [0.511781, 0.10207400678960185], [0.511813, 0.10216463003828366], [0.546548, 0.14776007019875056], [0.546565, 0.147754100385528], [0.561612, 0.14023786469033064], [0.561629, 0.14023210196979688], [0.596504, 0.1269840652172637], [0.596533, 0.12697992404592948], [0.611516, 0.12221574870965937], [0.611531, 0.12221341603424114], [0.646731, 0.18689840683076717], [0.646755, 0.1869842334417659], [0.660685, 0.2434016221401903], [0.660704, 0.24346962886919685], [0.696469, 0.2575777501884597], [0.69649, 0.25751988549599353], [0.71079, 0.21075828086453696], [0.710809, 0.21070598427618908], [0.746503, 0.1920927778481059], [0.746531, 0.19214702243741755], [0.760412, 0.22236507843285808], [0.760431, 0.22240165281031796], [0.795881, 0.2856039399665023], [0.795903, 0.2856327161574534], [0.81082, 0.3076306796724383], [0.810843, 0.30766048155329356], [0.845598, 0.27482813844640813], [0.845619, 0.2747616452008857], [0.860546, 0.22428846149415607], [0.860566, 0.22422532983930474]], "vel_pos": [[0, -0.021442635835089072], [0.039991, -0.06299021644824923], [0.110082, -0.14736987490411096], [0.18069, -0.2135635016106394], [0.260791, -0.3764226236853332], [0.321328, -0.19504437641261685], [0.441241, -0.11693191980785667], [0.561616, 0.04272245082063273], [0.611804, 0.2007253871146175], [0.691669, 0.43352612802892776], [0.743117, 0.2090480863466386], [0.84226, 0.31710700551997045], [0.89258, 0.31710700551997045]], "vel_est": [[0, 0.045508621152514014], [2.4e-05, 0.045413691298536424], [0.013055, -0.0041481110237244975], [0.013091, -0.004279603765297381], [0.048615, -0.11994796545127452], [0.048637, -0.12001110229680646], [0.063013, -0.15910220870179653], [0.063063, -0.15923070408260714], [0.098452, -0.23770029478015353], [0.098471, -0.23773592293717194], [0.113585, -0.26395961323384676], [0.113611, -0.26400112822138694], [0.149032, -0.3095967318013232], [0.149091, -0.3096549995206932], [0.162939, -0.321780834189016], [0.162962, -0.3217984413369943], [0.198333, -0.33943283124696333], [0.198351, -0.33943718145596996], [0.213303, -0.3415164795115464], [0.213328, -0.34151743466333145], [0.248216, -0.3351352622959906], [0.248239, -0.3351261940790278], [0.262135, -0.3285523075626128], [0.26218, -0.32852753744926066], [0.297655, -0.30250710833211275], [0.297685, -0.30247991880681824], [0.312873, -0.28768371315228836], [0.312896, -0.28765978860123465], [0.347311, -0.24719144280219763], [0.347329, -0.24716800599218774], [0.362368, -0.22684685023892043], [0.362386, -0.22682167554400623], [0.3971, -0.17495989390304278], [0.397126, -0.1749188221678683], [0.411943, -0.15105755352110284], [0.411961, -0.15102804561722716], [0.447698, -0.090470240909738], [0.447732, -0.09041109781373215], [0.461912, -0.0655724145852659], [0.461933, -0.06553540830406285], [0.497799, -0.0018947148443834438], [0.497833, -0.0018343222261223285], [0.511781, 0.02287289232554194], [0.511813, 0.022929370265402788], [0.546548, 0.08320549342035674], [0.546565, 0.08323432545790849], [0.561612, 0.10840706230268415], [0.561629, 0.10843507924614454], [0.596504, 0.16341306149629287], [0.596533, 0.1634564163743305], [0.611516, 0.18524110783406333], [0.611531, 0.18526227515442834], [0.646731, 0.2308976256823279], [0.646755, 0.23092574818078188], [0.660685, 0.24648375100976921], [0.660704, 0.24650389908500864], [0.696469, 0.2787404926726327], [0.69649, 0.27875586406605746], [0.71079, 0.28817145927793153], [0.710809, 0.2881825411707296], [0.746503, 0.30179715158953985], [0.746531, 0.30180189186197287], [0.760412, 0.3029284885199841], [0.760431, 0.3029283275860399], [0.795881, 0.294022078234643], [0.795903, 0.2940109875216556], [0.81082, 0.28481213075595535], [0.810843, 0.28479531736285907], [0.845598, 0.24965547944640643], [0.845619, 0.24962816210244826], [0.860546, 0.22826261418795957], [0.860566, 0.2282313415383287]]}