{"acc": [[0, -0.004790039062499904], [2.9e-05, -0.18837605433016757], [0.014231, 0.37820075162236955], [0.014266, -0.5312086839255961], [0.049626, -3.2405715018856935], [0.049647, -3.9813046531878826], [0.063565, -3.761218975816343], [0.063594, -3.481486536896343], [0.100018, -1.9407905935533274], [0.100033, -1.403828998279675], [0.114308, -1.775616804480527], [0.114334, -1.570401050412085], [0.148997, -1.3853348773800138], [0.149022, -1.3885206642045222], [0.164179, -1.2976841801218115], [0.164196, -1.4633803353227173], [0.199112, -1.919510842051153], [0.199127, -2.057193518518311], [0.213381, -2.0361168762086836], [0.21341, -1.9162892184499454], [0.249101, -1.2866297932717075], [0.249131, -0.8787239117436171], [0.263174, -1.5030620985788394], [0.263197, -0.6471241479371312], [0.298915, 1.8674856914962574], [0.298933, 2.4099975898765464], [0.312957, 2.494851549016258], [0.312974, 1.7953566220748243], [0.348537, -0.980683751793087], [0.348568, -1.7691402728155567], [0.362827, -1.4743562572133908], [0.362859, -1.2787322097584632], [0.398413, 0.12170135775726482], [0.398427, 0.5649055461216643], [0.412431, 0.29068469541351094], [0.412451, 0.4101792004899291], [0.448189, 0.47798249460611575], [0.448207, 0.6546285025773174], [0.462685, 0.24276558348222843], [0.462704, 0.9192930036817495], [0.497929, 3.1389475069193526], [0.497951, 3.662355187443335], [0.512037, 3.5962932575092026], [0.512084, 3.2344407671822113], [0.547464, 1.6115284818340632], [0.547482, 1.2904628326004253], [0.562497, 1.1620037281660647], [0.562515, 1.7167916843752355], [0.597253, 3.73622072979426], [0.597276, 3.9642945678659935], [0.612343, 4.5743679234185635], [0.612359, 3.1016925417620236], [0.646911, -2.0582901264075186], [0.646927, -3.3537586513396036], [0.661866, -3.157955878828383], [0.661892, -2.2536041189674982], [0.6973, 1.9176564326068977], [0.697315, 3.2244200951041853], [0.711229, 2.5223648321750844], [0.711266, 2.6008714895419587], [0.74718, 1.5264179099983264], [0.747198, 0.9762435541430139], [0.761215, 1.6957828588244819], [0.761232, 0.7847827402039547], [0.796761, -1.82863129936422], [0.796775, -2.7224654493216356], [0.811828, -2.0334514170582754], [0.811853, -2.554337604898956], [0.846478, -3.5463800206473537], [0.846499, -3.5586460917099827], [0.861679, -4.046075969477525], [0.861711, -3.0463628821600377], [0.89707, 0.11036568741014319], [0.897089, 1.0880175655950244], [0.9111, 0.7232958984375]], "pos": [[0, -0.0692444431883339], [0.040075, -0.06695065841116325], [0.150017, -0.07721046802622594], [0.350819, -0.10214761770028477], [0.390875, -0.13138634204228453], [0.521376, -0.15004452414856506], [0.591637, -0.14656073420357835], [0.782167, -0.11939750861645428], [0.952728, -0.07837913080028035]], "vel_acc": [[0, 0.0], [2.9e-05, -2.8009083541936785e-06], [0.014231, 0.0013451442671177324], [0.014266, 0.001342466628302426], [0.049626, -0.06534260705684118], [0.049647, -0.06541843675646943], [0.063565, -0.11929865869070982], [0.063594, -0.11940367792064416], [0.100018, -0.21815418902039352], [0.100033, -0.21817927366733228], [0.114308, -0.24087256808453322], [0.114334, -0.24091606631664683], [0.148997, -0.29214340354917556], [0.149022, -0.29217807674344537], [0.164179, -0.3125354801561725], [0.164196, -0.3125589492045538], [0.199112, -0.37161746337914686], [0.199127, -0.3716472886618511], [0.213381, -0.40082031184507033], [0.21341, -0.4008776217334429], [0.249101, -0.45803531295712163], [0.249131, -0.45806779326269687], [0.263174, -0.47479150373417606], [0.263197, -0.47481623087601105], [0.298915, -0.45302179406958865], [0.298933, -0.4529832967200562], [0.312957, -0.41859049455813996], [0.312974, -0.41855402778868567], [0.348537, -0.404067922145771], [0.348568, -0.4041105444181524], [0.362827, -0.42723505292899383], [0.362859, -0.42727910234446537], [0.398413, -0.4478476398004907], [0.398427, -0.44784283355216353], [0.412431, -0.4418519906809342], [0.412451, -0.4418449820419752], [0.448189, -0.42597442071230396], [0.448207, -0.4259642272133293], [0.462685, -0.41946799142434427], [0.462704, -0.4194569518677662], [0.497929, -0.3479811908748043], [0.497951, -0.34790637654516643], [0.512037, -0.29678371554736577], [0.512084, -0.2966231932977854], [0.547464, -0.2108979972826876], [0.547482, -0.2108718793608576], [0.562497, -0.1924599866559032], [0.562515, -0.19243407749719035], [0.597253, -0.09772070487548026], [0.597276, -0.09763214894955718], [0.612343, -0.03330613507146522], [0.612359, -0.03324472658774371], [0.646911, -0.01521890646007927], [0.646927, -0.015262202850301294], [0.661866, -0.06390145453339083], [0.661892, -0.0639718048133624], [0.6973, -0.06991942265269047], [0.697315, -0.06988085707873268], [0.711229, -0.029900474339650852], [0.711266, -0.029805694467699203], [0.74718, 0.04430804127984571], [0.747198, 0.044330565233023075], [0.761215, 0.0630574623483057], [0.761232, 0.0630785471558975], [0.796761, 0.04453509942669496], [0.796775, 0.04450324174945424], [0.811828, 0.008707833454645882], [0.811853, 0.008650486091871292], [0.846478, -0.09696818780039891], [0.846499, -0.09704279057457885], [0.861679, -0.15476263101899193], [0.861711, -0.15487611004061824], [0.89707, -0.20678307244519906], [0.897089, -0.2067716878042955], [0.9111, -0.19408253133201567]], "vel_pos": [[0, 0.05723729949271751], [0.040075, -0.09332020169782876], [0.150017, -0.12418775547085602], [0.350819, -0.7299461838925447], [0.390875, -0.14297347994483214], [0.521376, 0.049583551970320466], [0.591637, 0.14256665925116307], [0.782167, 0.24049095523697628], [0.952728, 0.24049095523697628]],