{"acc": [[0, 9.957312752106873e-16], [1.9e-05, 0.002870660667111778], [0.035498, 0.005884146662263576], [0.035525, -0.03654381003626894], [0.04947, 0.09168451876155646], [0.049496, -0.1515622801961892], [0.086199, -1.0052121030598065], [0.08622, -1.402020916039834], [0.100476, -0.9462294419716009], [0.100497, -1.456165308758721], [0.135087, -2.742126819588333], [0.135111, -2.8181254783609084], [0.150147, -3.343235322528196], [0.150164, -2.2105196486520913], [0.185349, 1.6470155215055724], [0.185381, 2.6467232423990694], [0.199281, 2.4157988618517985], [0.199305, 1.8953971079804117], [0.235187, -0.7276764228365302], [0.235211, -1.5032740803691003], [0.249182, -1.1384895658375607], [0.249198, -1.1093612563627997], [0.285005, -0.3492727063258169], [0.285042, -0.286766671608925], [0.299044, -0.0018969127623985615], [0.299076, -0.6430057796430142], [0.334348, -2.79149119619462], [0.334391, -3.1279544389420257], [0.34946, -3.5583741701367426], [0.349486, -2.3215706618478684], [0.384169, 2.266530224915087], [0.38419, 3.6612914715945517], [0.399183, 2.876928597648723], [0.399214, 3.0854798437152375], [0.434664, 2.6523566157499903], [0.434685, 2.420080811363925], [0.448678, 2.6262019142112365], [0.448696, 2.489749417702673], [0.484268, 2.35548236445453], [0.484309, 2.428228586134572], [0.498234, 2.2070622536136737], [0.498251, 2.5401946879628214], [0.534343, 3.410714720794153], [0.534358, 3.357250709744453], [0.548186, 4.001015636863], [0.548216, 2.7448840377971493], [0.583704, -1.460537418487057], [0.58372, -2.549803629784866], [0.598638, -2.283042369684609], [0.59867, -1.7490634556767684], [0.634176, 0.9025611142141139], [0.634212, 1.7040039275361833], [0.648645, 1.3742629458342086], [0.64868, 1.1972280655457122], [0.684022, -0.2626572865054713], [0.684038, -0.9024271105616717], [0.697861, -0.20747034449350404], [0.697884, -0.956730018278781], [0.733183, -3.048721125157642], [0.733208, -3.4771835437038465], [0.747428, -3.4272305954874365], [0.747446, -3.2385249704366483], [0.783225, 0.4071533203125003]], "pos": [[0, -0.06053565181739372], [0.100345, -0.08240183175752155], [0.300743, -0.10423213984078174], [0.350902, -0.1169862837951462], [0.5823, -0.11406547106970029], [0.621578, -0.09930556198712757], [0.702068, -0.07974317108300484]], "vel_acc": [[0, 0.0], [1.9e-05, 2.727127633757135e-08], [0.035498, 0.00015533317589579168], [0.035525, 0.0001549192704402426], [0.04947, 0.0005393878620273099], [0.049496, 0.0005386094511286596], [0.086199, -0.020689935643193748], [0.08622, -0.020715211589894297], [0.100476, -0.037453540141799795], [0.100497, -0.037478765286682474], [0.135087, -0.1100882276464448], [0.135111, -0.11015495067402017], [0.150147, -0.15647606117510443], [0.150164, -0.15652326809235945], [0.185349, -0.16643671444918462], [0.185381, -0.1663680146289622], [0.199281, -0.1311834860044186], [0.199305, -0.1311317516527806], [0.235187, -0.11018167484061421], [0.235211, -0.11020844624665269], [0.249182, -0.12866248619722928], [0.249198, -0.12868046900380692], [0.285005, -0.15479512215480257], [0.285042, -0.15480688888329436], [0.299044, -0.156827822637478], [0.299076, -0.1568381410805565], [0.334348, -0.21740892974642895], [0.334391, -0.21753619782758443], [0.34946, -0.2679143407326884], [0.349486, -0.26799078001550425], [0.384169, -0.2689452637525741], [0.38419, -0.26888302162476074], [0.399183, -0.21986925487567843], [0.399214, -0.2197768375448373], [0.434664, -0.11807368630081619], [0.434685, -0.1180204257078315], [0.448678, -0.0827141086183448], [0.448696, -0.08266806505635765], [0.484268, 0.003509227421090333], [0.484309, 0.0036072934955774403], [0.498234, 0.035880505967324644], [0.498251, 0.03592085765132802], [0.534343, 0.14331096884175643], [0.534358, 0.14336172858248541], [0.548186, 0.19423678210292916], [0.548216, 0.19433797059804936], [0.583704, 0.21712741701108762], [0.58372, 0.2170953342827014], [0.598638, 0.1810471359726586], [0.59867, 0.18098262227945275], [0.634176, 0.1659546662114663], [0.634212, 0.16600158438221782], [0.648645, 0.1882158972738953], [0.64868, 0.18826089836659446], [0.684022, 0.20477569860301453], [0.684038, 0.204766377927838], [0.697861, 0.1970953216672242], [0.697884, 0.19708193336305233], [0.733183, 0.12638772340697102], [0.733208, 0.12630614959861045], [0.747428, 0.0772157650689604], [0.747446, 0.07715577326886684], [0.783225, 0.026503950133971037]], "vel_pos": [[0, -0.21791000986723638], [0.100345, -0.10893476024341654], [0.300743, -0.2542742868550902], [0.350902, 0.012622463139032774], [0.5823, 0.3757805662857772], [0.621578, 0.243041258592654], [0.702068, 0.243041258592654]], "vel_est": [[0, 0.07496102284913052], [1.9e-05, 0.07490699320138523], [0.035498, -0.015192967287927628], [0.035525, -0.015253541204173465], [0.04947, -0.044976549921351805], [0.049496, -0.045029087732526646], [0.086199, -0.10894858470434517], [0.08622, -0.10897947872976564], [0.100476, -0.12852062484142696], [0.100497, -0.12854732924445822], [0.135087, -0.16460205945674872], [0.135111, -0.16462175824442682], [0.150147, -0.1755862817259437], [0.150164, -0.17559714749857025], [0.185349, -0.19107849043241237], [0.185381, -0.19108645107697236], [0.199281, -0.19355429930033152], [0.199305, -0.1935568820130642], [0.235187, -0.19136249132644118], [0.235211, -0.19135717329359758], [0.249182, -0.18745084896843478], [0.249198, -0.1874454678490189], [0.285005, -0.17061431750676853], [0.285042, -0.17059228204096288], [0.299044, -0.16162842081591428], [0.299076, -0.16160654807628222], [0.334348, -0.13404875918766257], [0.334391, -0.13401130510659054], [0.34946, -0.12038137962154939], [0.349486, -0.1203570316094144], [0.384169, -0.08571623186182904], [0.38419, -0.08569411247573384], [0.399183, -0.06962059704377317], [0.399214, -0.06958682616514424], [0.434664, -0.029928979119888885], [0.434685, -0.029905041974463878], [0.448678, -0.013900614029164954], [0.448696, -0.013879979643386609], [0.484268, 0.026728147929913473], [0.484309, 0.026774420137233787], [0.498234, 0.04235685327585676], [0.498251, 0.04237569296820718], [0.534343, 0.0809416014882999], [0.534358, 0.08095690812165328], [0.548186, 0.09475077789415864], [0.548216, 0.09477997850663866], [0.583704, 0.12672114444704125], [0.58372, 0.12673424253287266], [0.598638, 0.13836301598052542], [0.59867, 0.13838666100947186], [0.634176, 0.160783518882691], [0.634212, 0.16080204047837807], [0.648645, 0.16747684568705706], [0.64868, 0.16749116400956726], [0.684022, 0.17693439297775643], [0.684038, 0.176936269502427], [0.697861, 0.17768558098292578], [0.697884, 0.17768534775674283], [0.733183, 0.17113677278699468], [0.733208, 0.17112754839266203], [0.747428, 0.16476380212559358], [0.747446, 0.16475431000412347], [0.783225, 0.13829234065539026]]}