{"acc": [[0, 8.326672684688674e-17], [2.7e-05, 0.01074006364050601], [0.015025, -0.016717769678900013], [0.015059, 0.009346339430883505], [0.050461, 0.01990298275905081], [0.050477, -0.10209561899152424], [0.064479, 0.19589558900371387], [0.064506, -0.2803959879566313], [0.099971, -1.7396693465748037], [0.099994, -2.030091883849952], [0.115135, -2.155442713089616], [0.115154, -1.6102637117188272], [0.149823, 0.4639604425477752], [0.149842, 1.0776576960479805], [0.16486, 0.803282992095165], [0.164893, 0.7322734201375425], [0.20057, -0.0858145684385675], [0.200585, -0.4715644506361223], [0.214765, -0.04318135771305702], [0.214785, -0.5060481727606764], [0.249658, -1.6636414977656804], [0.249684, -1.855488792500899], [0.263888, -2.026463506929268], [0.263917, -1.5069911510338942], [0.299522, 0.3668590353141903], [0.299537, 0.8285889131849552], [0.313558, 0.769110586510954], [0.313574, 0.44549647198454945], [0.349284, -0.9502278633730307], [0.349301, -1.2225302194163001], [0.36441, -1.4016192452561502], [0.364441, -0.7453679652270034], [0.398921, 1.8031339738369487], [0.398947, 2.547305119413514], [0.414201, 2.171547022824398], [0.414225, 2.2013308514518375], [0.448712, 1.6734293533398756], [0.448727, 1.5527522455411515], [0.46375, 1.5301242484233204], [0.463768, 1.694863073585501], [0.498891, 2.3459165771354273], [0.49891, 2.328141131515273], [0.512985, 2.720096588159939], [0.513013, 1.9484987194824859], [0.548445, -0.6365604123648756], [0.548462, -1.1751515736741607], [0.563589, -1.3007185577610982], [0.563617, -0.5318281948485984], [0.598094, 2.4034267233656377], [0.598111, 3.0505709093801685], [0.613349, 3.2012456136836], [0.613384, 2.2296126909588203], [0.648456, -1.702784358450262], [0.648479, -2.8435251439876654], [0.662387, -2.311300748555846], [0.66242, -2.257531242912947], [0.698809, -1.1230953812587139], [0.698838, -0.8205397239866827], [0.712747, -0.8484636145561587], [0.71278, -1.120683683564353], [0.747619, -2.490468936593998], [0.747638, -2.8123745203844353], [0.762859, -2.71079338183391], [0.762893, -2.648204200189406], [0.797543, -0.5795947265625001]], "pos": [[0, -0.06845810612294916], [0.160532, -0.0778540891936336], [0.361335, -0.09211636251447222], [0.411362, -0.10183830445470919], [0.571943, -0.09913328483959524], [0.652057, -0.08820730274575662], [0.722405, -0.07512357300014919]], "vel_acc": [[0, 0.0], [2.7e-05, 1.4499085914683226e-07], [0.015025, -4.468182672276979e-05], [0.015059, -4.480714103698607e-05], [0.050461, 0.0004729351110470413], [0.050477, 0.00047227756995718145], [0.064479, 0.001128971160012521], [0.064506, 0.0011278304046266566], [0.099971, -0.03469297813995202], [0.099994, -0.0347363303941019], [0.115135, -0.0664229200602329], [0.115154, -0.06645869427126859], [0.149823, -0.0863292882907142], [0.149842, -0.08631464291839754], [0.16486, -0.07219065929113065], [0.164893, -0.07216532261032882], [0.20057, -0.060633466384296654], [0.200585, -0.06063764672693972], [0.214765, -0.06428719450813541], [0.214785, -0.06429268680344014], [0.249658, -0.10212448074357294], [0.249684, -0.10217022943734641], [0.263888, -0.1297398546678995], [0.263917, -0.12979108976044], [0.299522, -0.15008829175054], [0.299537, -0.15007932589092624], [0.313558, -0.13887865354830808], [0.313574, -0.1388689366918401], [0.349284, -0.1478809156850814], [0.349301, -0.14789938412878512], [0.36441, -0.16772352125965323], [0.364441, -0.1677567995614157], [0.398921, -0.14952091357298025], [0.398947, -0.14946435786476805], [0.414201, -0.11347367257591953], [0.414225, -0.11342119804142815], [0.448712, -0.04660677045010228], [0.448727, -0.04658257408811069], [0.46375, -0.023425547303696545], [0.463768, -0.023396522417798434], [0.498891, 0.04756562941833707], [0.49891, 0.04761003296656936], [0.512985, 0.08313700591878367], [0.513013, 0.08320236625309073], [0.548445, 0.10644466530198626], [0.548462, 0.10642926575010489], [0.563589, 0.08770302201099431], [0.563617, 0.08767736635645774], [0.598094, 0.1199409175902987], [0.598111, 0.11998727657017687], [0.613349, 0.16761986665939999], [0.613384, 0.16771490667973127], [0.648456, 0.17695336831860134], [0.648479, 0.1769010857593233], [0.662387, 0.14105442650257594], [0.66242, 0.14097904077471657], [0.698809, 0.07947022966122529], [0.698838, 0.07944204695219928], [0.712747, 0.06783496323430303], [0.71278, 0.0678024723038841], [0.747619, 0.0048979992370356], [0.747638, 0.004847622224194324], [0.762859, -0.0371864470956382], [0.762893, -0.03727755005453284], [0.797543, -0.09319916646050955]], "vel_pos": [[0, -0.058530281007428055], [0.160532, -0.07102619642554463], [0.361335, -0.1943338984995494], [0.411362, 0.016845203449436418], [0.571943, 0.13638043405445494], [0.652057, 0.1859858097686849], [0.722405, 0.1859858097686849]], "vel_est": [[0, 0.07084326502169828], [2.7e-05, 0.07078257782633897], [0.015025, 0.03866697621033276], [0.015059, 0.03859774556124254], [0.050461, -0.025068296922284336], [0.050477, -0.025093380215605893], [0.064479, -0.04582040184106459], [0.064506, -0.04585803739039762], [0.099971, -0.0878915904176084], [0.099994, -0.08791421315971017], [0.115135, -0.10156756984420263], [0.115154, -0.10158317279456326], [0.149823, -0.1240002804295836], [0.149842, -0.12400937653300502], [0.16486, -0.13016918212456297], [0.164893, -0.13018049410191024], [0.20057, -0.13706901768258622], [0.200585, -0.1370697765319719], [0.214765, -0.13703978884311907], [0.214785, -0.13703871469081907], [0.249658, -0.13107911219330487], [0.249684, -0.13107179900599203], [0.263888, -0.12649283873297923], [0.263917, -0.12648233093171252], [0.299522, -0.11037272638794073], [0.299537, -0.11036469506035683], [0.313558, -0.10245386227607213], [0.313574, -0.1024443918464882], [0.349284, -0.07914648923303973], [0.349301, -0.07913449085149603], [0.36441, -0.06819443757987971], [0.364441, -0.06817146363095668], [0.398921, -0.041611497920419516], [0.398947, -0.04159088440385017], [0.414201, -0.02940988349782639], [0.414225, -0.029390612659117923], [0.448712, -0.0016876308130725215], [0.448727, -0.001675676530133119], [0.46375, 0.010192790778800295], [0.463768, 0.010206863497770585], [0.498891, 0.03664683089530057], [0.49891, 0.036660450585029425], [0.512985, 0.04649212345900466], [0.513013, 0.046511137913762234], [0.548445, 0.06849278706307281], [0.548462, 0.0685022163961138], [0.563589, 0.07640304584464004], [0.563617, 0.0764167272536603], [0.598094, 0.09028862053254826], [0.598111, 0.09029388102657543], [0.613349, 0.0943182647154509], [0.613384, 0.09432587376720611], [0.648456, 0.09783853980725526], [0.648479, 0.09783798885324806], [0.662387, 0.09676646732436889], [0.66242, 0.09676213571367798], [0.698809, 0.08645769044964388], [0.698838, 0.0864448577641207], [0.712747, 0.0793872253228552], [0.71278, 0.07936830204307416], [0.747619, 0.05330576751863597], [0.747638, 0.05328810742205606], [0.762859, 0.0378683381623236], [0.762893, 0.03783100527105942], [0.797543, -0.0072452911264413306]]}