{"acc": [[0, 3.3274902845853004e-12], [2.9e-05, -1.0101647851922706e-05], [0.0141, 1.9056316313863437e-05], [0.014122, -2.1357634367431563e-05], [0.049825, 4.3024816616852685e-06], [0.049852, 5.015591032916762e-05], [0.063748, -0.00015347630611877564], [0.063778, 0.00028299189425450716], [0.09953, -0.0003398236943278432], [0.099558, 0.00011224352667782204], [0.115565, 0.0007018923584518643], [0.115595, -0.002321899495160105], [0.149042, 0.004461604047100125], [0.149065, -0.005653610945040794], [0.164225, 0.002606016775961583], [0.164252, 0.009589897907579897], [0.198856, -0.03494237245704348], [0.198887, 0.07006225753131154], [0.213926, -0.0933388713508478], [0.213943, 0.05381542301444279], [0.24936, 0.12780361148712363], [0.24938, -0.5229294700829966], [0.263477, 1.095657062865651], [0.263502, -1.5301977457160005], [0.308584, -9.716806045767672], [0.308618, -11.572933552900125], [0.322686, -11.716582483957984], [0.32272, -9.570145957326513], [0.359046, -0.8440590550607003], [0.359073, 1.8882350479691163], [0.372992, 0.4582965110417806], [0.373024, 0.5237830039446698], [0.408754, -2.016940048652989], [0.408776, -3.661740758659648], [0.422811, -1.2723323729481273], [0.422834, -4.392261501780743], [0.458632, -13.048387339887167], [0.458657, -14.874130385822186], [0.472631, -15.410571014962377], [0.472663, -12.492234517432355], [0.508304, -0.9968281017704648], [0.508326, 2.7776968387206105], [0.523359, 0.2828113617317452], [0.523386, 1.5618841409576179], [0.558221, 2.979781799243883], [0.558241, 2.8139534073050623], [0.572265, 3.4354821562593703], [0.572281, 2.681778914437148], [0.608167, -4.809199218750005]], "pos": [[0, -0.0024910284494855887], [0.200972, -0.0030451302688073428], [0.240737, -0.005854019938095609], [0.300801, -0.009733289870504558], [0.371038, -0.009824450068490427], [0.45196, -0.002747282396011656], [0.51159, 0.009589076662116358]], "vel_acc": [[0, 0.0], [2.9e-05, -1.464738456042701e-10], [0.0141, 6.285409611837976e-08], [0.014122, 6.28287816197905e-08], [0.049825, -2.416312769068395e-07], [0.049852, -2.40896088614963e-07], [0.063748, -9.587661985611596e-07], [0.063778, -9.568234647391234e-07], [0.09953, -1.972748722850078e-06], [0.099558, -1.9759348451971796e-06], [0.115565, 4.540001711438268e-06], [0.115595, 4.515701604387643e-06], [0.149042, 4.029905067875657e-05], [0.149065, 4.028534259943027e-05], [0.164225, 1.718457879780984e-05], [0.164252, 1.7349223646037646e-05], [0.198856, -0.0004212992910087812], [0.198887, -0.00042075493279012993], [0.213926, -0.0005957834304061327], [0.213943, -0.000596119379716992], [0.24936, 0.0026200812927539975], [0.24938, 0.0026161300341680403], [0.263477, 0.006653000471896587], [0.263502, 0.006647568713360959], [0.308584, -0.2468711437504726], [0.308618, -0.2472330693236497], [0.322686, -0.4110515251269093], [0.32272, -0.41141339951041145], [0.359046, -0.6005666051504003], [0.359073, -0.6005525087744961], [0.372992, -0.5842218223895597], [0.373024, -0.58420610911732], [0.408754, -0.6108813597210341], [0.408776, -0.6109438252099143], [0.422811, -0.645568683410972], [0.422834, -0.6456338262405313], [0.458632, -0.9578039998575453], [0.458657, -0.9581530313291167], [0.472631, -1.169752240016399], [0.472663, -1.170198684904917], [0.508304, -1.4105805253104209], [0.508326, -1.4105609357543143], [0.523359, -1.387556625865614], [0.523386, -1.3875317224763277], [0.558221, -1.308427255962868], [0.558241, -1.3083693186108025], [0.572265, -1.2645482764390887], [0.572281, -1.264499338350523], [0.608167, -1.3026716408708086]], "vel_pos": [[0, -0.0027571095442238424], [0.200972, -0.07063723549071464], [0.240737, -0.06458560755875316], [0.300801, -0.0012978942435734567], [0.371038, 0.08745665792341727], [0.45196, 0.20688175512540685], [0.51159, 0.20688175512540685]], "vel_est": [[0, -0.05490268954014842], [2.9e-05, -0.054839891529350204], [0.0141, -0.026482075896790875], [0.014122, -0.026441015535321594], [0.049825, 0.02705725009583769], [0.049852, 0.027087958372665782], [0.063748, 0.04098932090394965], [0.063778, 0.04101525446763063], [0.09953, 0.05977845535837699], [0.099558, 0.05978383538795959], [0.115565, 0.06054508438228336], [0.115595, 0.06054221486060944], [0.149042, 0.04764456796219052], [0.149065, 0.047629170866012566], [0.164225, 0.03558928846497572], [0.164252, 0.03556451011680886], [0.198856, -0.0056160730559769514], [0.198887, -0.005661206323646563], [0.213926, -0.02923530897500985], [0.213943, -0.029263831838886877], [0.24936, -0.09753617619900304], [0.24938, -0.09757959095022506], [0.263477, -0.12949204879092527], [0.263502, -0.1295509429349172], [0.308584, -0.2483469878136379], [0.308618, -0.24844570578553943], [0.322686, -0.29040811212405326], [0.32272, -0.29051218962504444], [0.359046, -0.4086801897137669], [0.359073, -0.40877300660416066], [0.372992, -0.4575550430750352], [0.373024, -0.45766930614942586], [0.408754, -0.5909531384628159], [0.408776, -0.5910385624938962], [0.422811, -0.6463240772778237], [0.422834, -0.6464159451547059], [0.458632, -0.7940852001356863], [0.458657, -0.7941914233903292], [0.472631, -0.85418953790993], [0.472663, -0.8543283261801501], [0.508304, -1.012521960811946], [0.508326, -1.0126216867268478], [0.523359, -1.0813035117976992], [0.523386, -1.0814277997800201], [0.558221, -1.2442375839173536], [0.558241, -1.244332336295408], [0.572265, -1.311081462014496], [0.572281, -1.3111579512191003], [0.608167, -1.4842865124319906]]}