{"acc": [[0, -0.11975097652275134], [1.5e-05, -0.12779305222136425], [0.014177, -0.102765228900698], [0.014193, -0.14359786416914416], [0.099926, -0.26891501260227574], [0.099941, -0.30770384174345605], [0.114086, -0.28561959788460933], [0.114102, -0.29277977089467666], [0.19958, -0.2895408428978805], [0.199597, -0.2846783748441296], [0.213779, -0.2896126050524721], [0.213794, -0.28662159295155754], [0.299385, -0.2805663368889579], [0.299403, -0.2889902683928473], [0.313161, -0.27198035881838895], [0.313179, -0.2927997063284796], [0.398536, -0.29063110839827977], [0.398549, -0.2482300353519236], [0.413853, -0.38755970998218436], [0.41387, -0.12249225008675002], [0.529203, 0.831373788348132], [0.529219, 1.2637433844459376], [0.543327, 0.7551536128970916], [0.543355, 1.3536110372128374], [0.628871, 2.94657017871586], [0.628886, 3.2281733936347665], [0.643281, 3.4512873187332325], [0.64331, 2.7085005179828165], [0.727984, -0.1171359815336881], [0.728002, -1.054325580669745], [0.743112, -0.37858441841537827], [0.743129, -0.8319314181958322], [0.827672, -1.6186636790491344], [0.827694, -1.8236387881254295], [0.842053, -1.717528767353754], [0.842074, -1.748364257784233]], "pos": [[0, -6.315520345188605e-13], [0.025091, 0.0004110516755554679], [0.075033, 0.0007165711743270337], [0.100248, 0.001007012669171574], [0.150186, 0.0011788219873518169], [0.175176, 0.0009983257648583375], [0.225519, 0.0006058959379524182], [0.250262, 0.00039287779693879536], [0.300425, 0.00048118868056168666], [0.325254, 0.0006733758112297387], [0.375261, 0.0008135169312760616], [0.400303, 0.0009808037777417299], [0.4504, 0.0012990771057065492], [0.475347, 0.0011911049082332602], [0.525405, -0.0011837532739974257], [0.550318, -0.007375947418909044], [0.600423, -0.016231428294705225], [0.625466, -0.0245621674753604], [0.675393, -0.02985274922703325], [0.725661, -0.0310017271128427], [0.750592, -0.027679317274201448], [0.800831, -0.020481272244475775], [0.827363, -0.011645209948019587], [0.875617, -0.003993650272439989], [0.900697, 0.006347869480790492], [0.95072, 0.031103319272299004], [1.175902, 0.06912172849831365], [1.225922, 0.09957013660037187], [1.275542, 0.11267908643529245]], "vel_acc": [[0, 0.0], [1.5e-05, -1.8565802155808669e-06], [0.014177, -0.0016344397688409038], [0.014193, -0.0016364106735854626], [0.099926, -0.019319393905707534], [0.099941, -0.019323718547115128], [0.114086, -0.023519998573884624], [0.114102, -0.023524625768834854], [0.19958, -0.048412426481714954], [0.199597, -0.04841730734506576], [0.213779, -0.05248960468351256], [0.213794, -0.0524939264399976], [0.299385, -0.07676701749148737], [0.299403, -0.07677214350093489], [0.313161, -0.08063106044552101], [0.313179, -0.08063614346610731], [0.398536, -0.10553609549242332], [0.398549, -0.10553959808985769], [0.413853, -0.11040466122115429], [0.41387, -0.11040899666281488], [0.529203, -0.06953027943666491], [0.529219, -0.06951351849928254], [0.543327, -0.055272219080024804], [0.543355, -0.05524269637492324], [0.628871, 0.12862445205575584], [0.628886, 0.12867076263254842], [0.643281, 0.17674618110981724], [0.64331, 0.1768354980334498], [0.727984, 0.2865460984130965], [0.728002, 0.2865355552590366], [0.743112, 0.27570992021594853], [0.743129, 0.2756996308313373], [0.827672, 0.1721093001781468], [0.827694, 0.17207143485100776], [0.842053, 0.14664762238644494], [0.842074, 0.14661123050968108]], "vel_pos": [[0, 0.016382434984138536], [0.025091, 0.006117486259492326], [0.075033, 0.011518599835198899], [0.100248, 0.003440452524735533], [0.150186, -0.007222737994937148], [0.175176, -0.007795122001190221], [0.225519, -0.00860922850962385], [0.250262, 0.0017604785125070526], [0.300425, 0.007740429766323739], [0.325254, 0.0028024300607179566], [0.375261, 0.0066802510368847625], [0.400303, 0.0063531414648545686], [0.4504, -0.004328063393325412], [0.475347, -0.047442130772917146], [0.525405, -0.24855272929440966], [0.550318, -0.17673846673577825], [0.600423, -0.3326573965042207], [0.625466, -0.10596634589846875], [0.675393, -0.022857043960560385], [0.725661, 0.13326420274522685], [0.750592, 0.1432760411179698], [0.800831, 0.3330341586181285], [0.827363, 0.15856840211339154], [0.875617, 0.4123412979756972], [0.900697, 0.4948813504089817], [0.95072, 0.16883413961157925], [1.175902, 0.6087246721722961], [1.225922, 0.2641868165038409], [1.275542, 0.2641868165038409]], "vel_est": [[0, 0.0635159814679642], [1.5e-05, 0.0634977944527906], [0.014177, 0.046867738491079336], [0.014193, 0.04684955730758592], [0.099926, -0.03179923030749962], [0.099941, -0.031809842556689574], [0.114086, -0.04135160316094763], [0.114102, -0.041361873518809794], [0.19958, -0.08026800398942044], [0.199597, -0.08027272035191346], [0.213779, -0.08381341606417719], [0.213794, -0.08381674819568516], [0.299385, -0.08952887120924757], [0.299403, -0.0895274377744168], [0.313161, -0.08813097985874113], [0.313179, -0.08812876345596024], [0.398536, -0.06706605554016914], [0.398549, -0.06706135744082176], [0.413853, -0.061244945797800834], [0.41387, -0.06123817232643658], [0.529203, -0.0014670116129324728], [0.529219, -0.001457065214996986], [0.543327, 0.007459989580052846], [0.543355, 0.007477971895865278], [0.628871, 0.06676218393987395], [0.628886, 0.06677321269097862], [0.643281, 0.07743343471801233], [0.64331, 0.0774550570879843], [0.727984, 0.14222198773487077], [0.728002, 0.14223594398428066], [0.743112, 0.1539515173232681], [0.743129, 0.15396469359767093], [0.827672, 0.218482296039353], [0.827694, 0.21849862824354396], [0.842053, 0.22908248095094993], [0.842074, 0.2290978434792314]]}