{"acc": [[0, -2.688821387764051e-17], [1.5e-05, -0.0010594280859713354], [0.014324, 0.0007286343352033224], [0.014357, 0.002549288272909433], [0.049726, -0.014643486231051571], [0.049744, 0.014974563166848235], [0.063927, -0.030138020872730945], [0.063955, 0.0066889878972993325], [0.100371, 0.011405801001506], [0.100398, -0.19850588310026224], [0.114467, 0.3035386481594979], [0.114484, -0.4966085399643163], [0.149492, -2.952261780423778], [0.149516, -3.453632729607637], [0.164533, -3.632953919088175], [0.164568, -2.767155749337595], [0.199613, 0.6184928322300213], [0.199647, 1.6265797954814591], [0.213965, 1.115130392482455], [0.213992, 1.1548494064731352], [0.24935, 0.4738870238893935], [0.249374, 0.28108388358175573], [0.263565, 0.29072115965375167], [0.263591, 0.4962779644923393], [0.299361, 1.4575240545182546], [0.299386, 1.743642225563173], [0.313246, 1.5944354431308811], [0.31327, 1.59786393002932], [0.348709, 1.314686039136379], [0.348733, 1.1496406724859671], [0.364032, 1.3739387342481635], [0.364059, 1.0938511963122832], [0.398951, 0.3652060668080328], [0.398965, 0.22282572165884468], [0.413277, 0.1286803342267146], [0.413306, 0.4760244561747996], [0.448614, 1.8062085168341948], [0.44863, 2.331626882159526], [0.462606, 1.8460191979947336], [0.462637, 2.2895644071514543], [0.498107, 3.257287812390421], [0.498128, 3.277736796538805], [0.513177, 3.745138638637866], [0.513215, 2.792014136703279], [0.548321, -0.3895589394549409], [0.548336, -1.187904090385096], [0.562545, -1.0592976232464022], [0.562568, -0.5350680230849005], [0.598317, 1.8477217722350763], [0.598332, 2.5184489798402003], [0.612413, 2.319881516046568], [0.612431, 2.0228984889100734], [0.648042, 0.3247306324290416], [0.648074, -0.2891107395341861], [0.66195, 0.21632403078107815], [0.661968, -0.18361572392749198], [0.697485, -0.9519943597470535], [0.697517, -1.097425559498145], [0.711952, -1.161667620277353], [0.711971, -0.8996658984852288], [0.747777, 0.03324421656434598], [0.747807, 0.35602355084867976], [0.761686, 0.15542372539785232], [0.761709, 0.22034179687500022]], "pos": [[0, -0.056968757038182424], [0.160302, -0.07208988106402445], [0.210616, -0.08933272246650797], [0.310901, -0.10641597429666437], [0.371032, -0.11579880137527027], [0.602271, -0.11194533782524803], [0.641817, -0.09700840716607209], [0.741949, -0.07690966627800806]], "vel_acc": [[0, 0.0], [1.5e-05, -7.945710644785217e-09], [0.014324, -2.3746096005145337e-06], [0.014357, -2.320523877480673e-06], [0.049726, -0.0002162003676682453], [0.049744, -0.0002161973879758231], [0.063927, -0.0003237290482970903], [0.063955, -0.0003240573347587464], [0.100371, 5.412581510701132e-06], [0.100398, 2.886730402368e-06], [0.114467, 0.0007417397162115609], [0.114484, 0.0007400986221312199], [0.149492, -0.059628927465942005], [0.149516, -0.05970579820006237], [0.164533, -0.11291543405179488], [0.164568, -0.11302743597099227], [0.199613, -0.15067738193600974], [0.199647, -0.15063921570133867], [0.213965, -0.13101131246570502], [0.213992, -0.13098066773841913], [0.24935, -0.10218623638603998], [0.249374, -0.10217717673515031], [0.263565, -0.09811993405087277], [0.263591, -0.09810970306225887], [0.299361, -0.06316595395225442], [0.299386, -0.06312593937375341], [0.313246, -0.03999306112970356], [0.31327, -0.03995475353722568], [0.348709, 0.01165417564140592], [0.348733, 0.011683747561945419], [0.364032, 0.03098786823375816], [0.364059, 0.03102118339782073], [0.398951, 0.056475896410217746], [0.398965, 0.05648001263273702], [0.413277, 0.058995389968654076], [0.413306, 0.0590041581881149], [0.448614, 0.0992946990936157], [0.44863, 0.09932780177680757], [0.462606, 0.12852119258492561], [0.462637, 0.12858529413080538], [0.498107, 0.22695871824438058], [0.498128, 0.22702733600277433], [0.513177, 0.2798709622147611], [0.513215, 0.2799951681174925], [0.548321, 0.32216546419479253], [0.548336, 0.3221536332220687], [0.562545, 0.3061883886475738], [0.562568, 0.306170053442641], [0.598317, 0.32963308288182586], [0.598332, 0.3296658291624664], [0.612413, 0.3637300950187572], [0.612431, 0.3637691800388017], [0.648042, 0.4055698903588054], [0.648074, 0.4055704602770917], [0.66195, 0.40506546609176264], [0.661968, 0.4050657604665243], [0.697485, 0.38489902879558985], [0.697517, 0.3848662380768819], [0.711952, 0.3685612330518523], [0.711971, 0.36854165038342407], [0.747777, 0.3530301030119945], [0.747807, 0.3530359420285057], [0.761686, 0.3565851304020185], [0.761709, 0.35658945170552464]], "vel_pos": [[0, -0.09432897921324764], [0.160302, -0.3427046428923072], [0.210616, -0.17034702926814962], [0.310901, -0.1560397644909597], [0.371032, 0.016664418848127856], [0.602271, 0.3777102781362451], [0.641817, 0.20072245523972385], [0.741949, 0.20072245523972385]], "vel_est": [[0, 0.056475202653033775], [1.5e-05, 0.05643944538186673], [0.014324, 0.024107578666292317], [0.014357, 0.02403707378934073], [0.049726, -0.0412078056609489], [0.049744, -0.04123591191177297], [0.063927, -0.06183741543919503], [0.063955, -0.061875073438407764], [0.100371, -0.10125517930500477], [0.100398, -0.10127750412727432], [0.114467, -0.11159281483604769], [0.114484, -0.11160371102349778], [0.149492, -0.12641918917470246], [0.149516, -0.1264243179951249], [0.164533, -0.12835902690375095], [0.164568, -0.1283606172550704], [0.199613, -0.12355750144172034], [0.199647, -0.12354691972601597], [0.213965, -0.11813902656544856], [0.213992, -0.11812707243370313], [0.24935, -0.0972191511203844], [0.249374, -0.09720159696180966], [0.263565, -0.0860907248999202], [0.263591, -0.08606906375871409], [0.299361, -0.05218219632036631], [0.299386, -0.05215587316162324], [0.313246, -0.03705925208368208], [0.31327, -0.0370322710054369], [0.348709, 0.005557289422579499], [0.348733, 0.005587789393190053], [0.364032, 0.02540641799692653], [0.364059, 0.025442015440400412], [0.398951, 0.07286007023250415], [0.398965, 0.07287954867069739], [0.413277, 0.09291378878812594], [0.413306, 0.09295459016435267], [0.448614, 0.1428323583028569], [0.44863, 0.14285491696785682], [0.462606, 0.16247968940254806], [0.462637, 0.16252299963104253], [0.498107, 0.2110217591680604], [0.498128, 0.21104966872257294], [0.513177, 0.230728105210377], [0.513215, 0.23077692223916235], [0.548321, 0.273579928455858], [0.548336, 0.27359711165503786], [0.562545, 0.2893827190016719], [0.562568, 0.28940744357488435], [0.598317, 0.3241726454436938], [0.598332, 0.3241855658364566], [0.612413, 0.33563085345646426], [0.612431, 0.33564458605287806], [0.648042, 0.3578969208039657], [0.648074, 0.3579122227413753], [0.66195, 0.36368876241131615], [0.661968, 0.36369511937297916], [0.697485, 0.3700825391521634], [0.697517, 0.3700824723225751], [0.711952, 0.36891310103829017], [0.711971, 0.36891003684299006], [0.747777, 0.35557692958127957], [0.747807, 0.3555591632959776], [0.761686, 0.34609084286740877], [0.761709, 0.3460730532254996]]}