{"acc": [[0, 7.251144129583054e-16], [2.1e-05, 0.004454939509207126], [0.035151, 0.004034170666132748], [0.035231, -0.03748850786329748], [0.049405, 0.1003723636830248], [0.049446, -0.17326559066795824], [0.085226, -1.1980784230045867], [0.085244, -1.716276901334236], [0.100322, -1.0387398790589484], [0.100337, -1.8927061554289382], [0.135695, -4.304403198936161], [0.135714, -4.760206241928348], [0.149681, -4.984700831152847], [0.149699, -4.091941239912159], [0.185432, -0.7341214181057079], [0.185462, 0.17442713255639103], [0.199406, -0.10243688085917571], [0.19944, -0.4396872544392769], [0.234901, -2.294658200487839], [0.234929, -2.781203333257182], [0.249019, -2.7295141213893714], [0.249047, -2.3135435805335285], [0.284717, -0.33969715624104624], [0.284732, 0.30483259149167447], [0.298652, -0.1504605477985128], [0.298694, 0.13214846342492836], [0.335046, 0.576298526346845], [0.335081, 0.7163442583186013], [0.34901, 0.5701157283307956], [0.34906, 0.7619062399886871], [0.383821, 1.4512877681442795], [0.383838, 1.7043073789455145], [0.399152, 1.4250126839234907], [0.39917, 1.7607368542701762], [0.434313, 2.7416908817180365], [0.434329, 3.0954734572390885], [0.448258, 2.789656599562912], [0.448304, 3.0524055235028937], [0.483722, 3.5960441584978886], [0.48375, 3.560725311618636], [0.498448, 3.934776867472922], [0.498474, 3.214953947639857], [0.534121, 0.7621684948074587], [0.534139, 0.1133602569257667], [0.548111, 0.3537611540799798], [0.548139, 0.46739709518717365], [0.583579, 1.2346484042692631], [0.583593, 1.1984480819327519], [0.598559, 1.757863618711637], [0.598629, 0.6551571515077332], [0.633103, -3.0401984171209855], [0.63312, -3.825080412335872], [0.648412, -3.9893580372099917], [0.648438, -2.885462894941334], [0.682793, 1.4533016412431823], [0.68281, 2.5787968954297344], [0.697837, 2.3633698037919455], [0.697861, 1.6633839679351472], [0.732608, -1.8382073227218], [0.732632, -2.855764723054823], [0.747764, -2.31812569117999], [0.747791, -2.4447628152397343], [0.783265, 0.03353027343750015]], "pos": [[0, -0.07224261381228494], [0.050239, -0.0761083359362031], [0.220518, -0.08717781918352421], [0.271068, -0.10606098549956874], [0.351185, -0.12504652268617839], [0.542113, -0.1307443074692155], [0.581989, -0.11187302312035108], [0.772514, -0.07190239437503385]], "vel_acc": [[0, 0.0], [2.1e-05, 4.6776864846682433e-08], [0.035151, 0.00014915799709469158], [0.035231, 0.00014781982360680506], [0.049405, 0.0005934777098012124], [0.049446, 0.0005919833986480213], [0.085226, -0.023941361005953805], [0.085244, -0.023967590203872863], [0.100322, -0.04473766171125707], [0.100337, -0.04475964755651573], [0.135695, -0.15431834383233636], [0.135714, -0.15440445762202454], [0.149681, -0.2224580161668871], [0.149699, -0.22253970594552663], [0.185432, -0.3087645544250029], [0.185462, -0.30877294983928616], [0.199406, -0.30827103380445314], [0.19944, -0.3082802499147532], [0.234901, -0.3567615620033385], [0.234929, -0.3568326240648109], [0.249019, -0.39565562853279584], [0.249047, -0.3957262313406228], [0.284717, -0.44304677988099733], [0.284732, -0.44304704136523293], [0.298652, -0.4419726119411286], [0.298694, -0.4419729964949004], [0.335046, -0.4290962640088087], [0.335081, -0.4290736427600771], [0.34901, -0.42011409218305734], [0.34906, -0.4200807916338494], [0.383821, -0.38161437317549435], [0.383838, -0.3815875506167441], [0.399152, -0.35762634689535616], [0.39917, -0.35759767514951235], [0.434313, -0.2784832661865956], [0.434329, -0.2784365688718839], [0.448258, -0.2374495805912864], [0.448304, -0.2373152131624559], [0.483722, -0.11957781774390402], [0.48375, -0.11947762297132229], [0.498448, -0.06439317745717847], [0.498474, -0.0643002309565821], [0.534121, 0.006586010896377602], [0.534139, 0.006593890655143233], [0.548111, 0.009857200832429374], [0.548139, 0.009868697047919126], [0.583579, 0.040028943298287115], [0.583593, 0.04004597497369061], [0.598559, 0.062168055429612464], [0.598629, 0.062252511156570156], [0.633103, 0.021141554861194525], [0.63312, 0.021083199991143987], [0.648412, -0.03866599639408358], [0.648438, -0.038755369066201445], [0.682793, -0.06335631900160146], [0.68281, -0.06332204616403965], [0.697837, -0.026189076669437525], [0.697861, -0.026140755624176976], [0.732608, -0.029178049178562898], [0.732632, -0.029234376843112014], [0.747764, -0.0683800317172127], [0.747791, -0.06844433071204936], [0.783265, -0.1112123623059956]], "vel_pos": [[0, -0.07694663755086968], [0.050239, -0.06500791787196962], [0.220518, -0.3735542297931659], [0.271068, -0.23697264234319346], [0.351185, -0.029842583502876063], [0.542113, 0.4732491811832785], [0.581989, 0.2097920417022292], [0.772514, 0.2097920417022292]], "vel_est": [[0, 0.14531286211662695], [2.1e-05, 0.14521557981912675], [0.035151, -0.0019552484863227526], [0.035231, -0.0022558096445365605], [0.049405, -0.05312050846907129], [0.049446, -0.05326083224868866], [0.085226, -0.16134598834463384], [0.085244, -0.161393353257787], [0.100322, -0.19870150134445505], [0.100337, -0.19873629336250767], [0.135695, -0.26850435986128673], [0.135714, -0.2685354930689331], [0.149681, -0.28966429801230975], [0.149699, -0.28968929612524974], [0.185432, -0.32858362940610586], [0.185462, -0.3286076303418164], [0.199406, -0.33828234328456164], [0.19944, -0.33830238366953536], [0.234901, -0.350384938746512], [0.234929, -0.3503878471513463], [0.249019, -0.35061605929636996], [0.249047, -0.3506141102357352], [0.284717, -0.3409852600180828], [0.284732, -0.34097838585511664], [0.298652, -0.333665456691401], [0.298694, -0.33364064583924735], [0.335046, -0.3065938959301111], [0.335081, -0.3065629251405957], [0.34901, -0.2935760766661063], [0.34906, -0.29352717371442105], [0.383821, -0.25612494009294684], [0.383838, -0.2561051779446136], [0.399152, -0.2378290976033924], [0.39917, -0.23780709860312851], [0.434313, -0.19312356074494022], [0.434329, -0.19310261334346043], [0.448258, -0.17474734159849672], [0.448304, -0.17468641349948458], [0.483722, -0.12774827744730918], [0.48375, -0.12771147906334826], [0.498448, -0.10856389262546215], [0.498474, -0.10853037318269917], [0.534121, -0.06434137156050501], [0.534139, -0.06432016494079373], [0.548111, -0.048286868177168846], [0.548139, -0.04825564657411591], [0.583579, -0.0122351434724291], [0.583593, -0.012222459892100607], [0.598559, 0.0005323456185886422], [0.598629, 0.0005880807337660388], [0.633103, 0.023046978046915245], [0.63312, 0.02305540662444444], [0.648412, 0.029471472421169168], [0.648438, 0.029480340985071324], [0.682793, 0.034598891955229666], [0.68281, 0.034597971712966025], [0.697837, 0.03234409140422036], [0.697861, 0.032338139109599096], [0.732608, 0.01528882435004783], [0.732632, 0.015270952771253732], [0.747764, 0.0022206483709114877], [0.747791, 0.0021941238490930104], [0.783265, -0.04321765018473628]]}