{"acc": [[0, -0.2921923828125018], [1.4e-05, -0.29165331251341525], [0.014255, -0.2923905857053965], [0.014274, -0.2941402643899605], [0.100318, -0.285690205410579], [0.100334, -0.30481794030686815], [0.114494, -0.27604736383567025], [0.11451, -0.29989908231831586], [0.199243, -0.30958079993307047], [0.199263, -0.18210682423363686], [0.214227, -0.4877343118678893], [0.214244, -0.002396444369946543], [0.3292, 1.5075448928633068], [0.329216, 1.7992787622906676], [0.344376, 1.9242176813994922], [0.344393, 1.3959440423363412], [0.428923, -0.539257478733946], [0.428938, -0.9781047268841836], [0.4442, -1.060117764756194], [0.444216, -0.4350511450348671], [0.528642, 2.1414623791419696], [0.528662, 2.972286485515604], [0.543703, 2.4293011589966804], [0.543723, 2.700101844205254], [0.629242, 2.85640419146426], [0.629264, 2.8268864549439936], [0.643399, 2.973879182721592], [0.643413, 2.704225205403587], [0.727981, 1.7705392466310974], [0.727996, 1.3222514387079394], [0.743372, 1.8910994300575021], [0.743388, 1.1638350196244711], [0.828052, -0.9676735252967521], [0.828068, -1.541668274040837], [0.842176, -1.332655914892535], [0.842192, -1.1902668811694388], [0.927957, -0.26253464748339805], [0.927973, 0.13966763943060254], [0.942343, -0.2353095147638533], [0.94238, 0.09399184401218408], [1.028055, 0.7187575919002533], [1.028072, 0.6744935563114085], [1.042061, 1.139570434903026], [1.042076, 0.2415575435286974], [1.126777, -2.7376746023012632], [1.126826, -3.5698339375569477], [1.141697, -3.2535908521216363], [1.141726, -3.065835284780822], [1.226885, -1.694273032319914], [1.226915, -1.1694263465845738], [1.241831, -1.6259344060121612], [1.241849, -1.2293222681619471], [1.32673, -0.37287221809568577], [1.326755, -0.11398956798374354], [1.340781, -0.26069066643860345], [1.340797, -0.21555175781250005]], "pos": [[0, -7.171650426296416e-14], [0.050672, 0.0002494334022921845], [0.075222, 0.0003618026037795779], [0.125021, 0.0007222107837115588], [0.149987, 0.0015805771851928017], [0.200066, 0.0011315580173859479], [0.225188, -0.003942166649961734], [0.300202, -0.013771247592256664], [0.375471, -0.024447989609709134], [0.400465, -0.0343987139215529], [0.425278, -0.046564804507084244], [0.475444, -0.06207129506537945], [0.500916, -0.07752451855319373], [0.550956, -0.08996987931431277], [0.5756, -0.09951453421749025], [0.625563, -0.10699488789256623], [0.65067, -0.11212966756896295], [0.700467, -0.11362989773242912], [0.750751, -0.1101109986152677], [0.800268, -0.10120624212149504], [0.850479, -0.08786114334626027], [0.900633, -0.07094740761204826], [0.925877, -0.050544186281451825], [1.000544, -0.02848686421457738], [1.075626, -0.009542803490960948], [1.151065, 0.003442112544496009], [1.200543, 0.012398625751355025], [1.250598, 0.01969548585812136], [1.275659, 0.025776495516086403], [1.325739, 0.031042514236830094]], "vel_acc": [[0, 0.0], [1.4e-05, -4.086919867281419e-06], [0.014255, -0.004162771497134331], [0.014274, -0.0041683435402102365], [0.100318, -0.029113810011969048], [0.100334, -0.02911853407713479], [0.114494, -0.033231060430463956], [0.11451, -0.033235668002033196], [0.199243, -0.05905719743343655], [0.199263, -0.05906211430967821], [0.214227, -0.06407386568998984], [0.214244, -0.06407803180141786], [0.3292, 0.02243489072108351], [0.329216, 0.02246134531032477], [0.344376, 0.0506854483534962], [0.344393, 0.050713669728147934], [0.428923, 0.08692152733880315], [0.428938, 0.08691014712226101], [0.4442, 0.07135647128855331], [0.444216, 0.07134450993727495], [0.528642, 0.14337724736263804], [0.528662, 0.1434283848512847], [0.543703, 0.18405102473183957], [0.543723, 0.18410231876187136], [0.629242, 0.42169573859408194], [0.629264, 0.4217582547911927], [0.643399, 0.46275516593539423], [0.643413, 0.462794912666111], [0.727981, 0.6520058527559456], [0.727996, 0.6520290486860856], [0.743372, 0.6767332901651544], [0.743388, 0.6767577296407518], [0.828052, 0.6850616380186327], [0.828068, 0.685041563284238], [0.842176, 0.664766080455502], [0.842192, 0.6647458970731336], [0.927957, 0.6024461355206783], [0.927973, 0.6024451525846138], [0.942343, 0.6017579657103445], [0.94238, 0.6017553513334356], [1.028055, 0.6365715052943346], [1.028072, 0.6365833479290944], [1.042061, 0.6492718185156436], [1.042076, 0.6492821769754819], [1.126777, 0.5435703714779345], [1.126826, 0.5434158375187074], [1.141697, 0.4926802624950527], [1.141726, 0.49258863081606746], [1.226885, 0.28990559872807664], [1.226915, 0.28986264323739314], [1.241831, 0.2690148427445268], [1.241849, 0.2689891454344591], [1.32673, 0.20099121034044204], [1.326755, 0.20098512456811607], [1.340781, 0.1983574920841121], [1.340797, 0.19835368214471807]], "vel_pos": [[0, 0.004922509519338115], [0.050672, 0.0045771568833968814], [0.075222, 0.007237257373280205], [0.125021, 0.03438141478335507], [0.149987, -0.008966216733697838], [0.200066, -0.20196340527615958], [0.225188, -0.13102995363925302], [0.300202, -0.14184779945864132], [0.375471, -0.3981245223591169], [0.400465, -0.4903111508294586], [0.425278, -0.30910358725621345], [0.475444, -0.6066749170781347], [0.500916, -0.24870824862348254], [0.550956, -0.38730136760174744], [0.5756, -0.14971786472141344], [0.625563, -0.2045158591785852], [0.65067, -0.030126918558671466], [0.700467, 0.06998049314218065], [0.750751, 0.17983230998995636], [0.800268, 0.2657803822914255], [0.850479, 0.33723602771886585], [0.900633, 0.8082404266596614], [0.925877, 0.29540924460436874], [1.000544, 0.252311615615147], [1.075626, 0.172124710500629], [1.151065, 0.1810201141286841], [1.200543, 0.14577684760296292], [1.250598, 0.24264832440704848], [1.275659, 0.1051521310052656], [1.325739, 0.1051521310052656]], "vel_est": [[0, 0.086525462790172], [1.4e-05, 0.08649511465591544], [0.014255, 0.056777121950588816], [0.014274, 0.056738999269099144], [0.100318, -0.0764747064053634], [0.100334, -0.0764925109381384], [0.114494, -0.0912958748954908], [0.11451, -0.0913115342064713], [0.199243, -0.1426256980773905], [0.199263, -0.14263079005709822], [0.214227, -0.1455808743451541], [0.214244, -0.14558326106897612], [0.3292, -0.11694470244060508], [0.329216, -0.11693513559844497], [0.344376, -0.10726478115299], [0.344393, -0.10725326982074555], [0.428923, -0.03372643223348537], [0.428938, -0.033710824701328426], [0.4442, -0.017431676245142483], [0.444216, -0.017414203099408956], [0.528642, 0.08446020340654942], [0.528662, 0.08448618958599162], [0.543703, 0.10420819348607718], [0.543723, 0.1042346419666215], [0.629242, 0.22050465969807082], [0.629264, 0.2205348920505682], [0.643399, 0.23993194129128215], [0.643413, 0.23995111747675635], [0.727981, 0.3523257305649232], [0.727996, 0.35234471831186737], [0.743372, 0.37155942173801254], [0.743388, 0.37157914541552917], [0.828052, 0.46585399344700174], [0.828068, 0.4658695489102165], [0.842176, 0.47919245611055655], [0.842192, 0.479207110045459], [0.927957, 0.5406584398007634], [0.927973, 0.5406663514604403], [0.942343, 0.5471731690114066], [0.94238, 0.547188354988828], [1.028055, 0.5584902790367983], [1.028072, 0.5584874033216088], [1.042061, 0.5553724840943611], [1.042076, 0.5553683324582929], [1.126777, 0.5020200884813526], [1.126826, 0.5019708349104782], [1.141697, 0.4859721828830989], [1.141726, 0.48593891773019765], [1.226885, 0.35133165277673567], [1.226915, 0.3512705546092048], [1.241831, 0.3196306260977453], [1.241849, 0.3195909103684556], [1.32673, 0.0889682547245958], [1.326755, 0.08888700864742696], [1.340781, 0.042007880067269895], [1.340797, 0.04195291510484832]]}