{"acc": [[0, -0.004790039062500014], [6.1e-05, 0.008636065568776587], [0.015143, -0.026807552794447666], [0.015161, 0.011112681859667066], [0.049758, 0.012056050086028884], [0.049787, -0.11739513380674176], [0.064741, 0.22965470770501747], [0.064785, -0.3625352641938414], [0.100597, -2.2927906669015754], [0.100621, -2.8949141630735866], [0.114663, -2.5394283174754735], [0.114685, -2.651026043712234], [0.150308, -2.446729637607573], [0.150326, -2.169355112886411], [0.164297, -2.7006992370668463], [0.164314, -1.9032387326158169], [0.200586, 0.5215251371701642], [0.200628, 1.1799278816911203], [0.214603, 0.9638946273283164], [0.214636, 0.747446195807173], [0.249964, -0.5588512448266308], [0.249998, -1.0826441766538486], [0.264017, -0.5949253029906814], [0.264045, -1.053815534281368], [0.299559, -2.0901080684869093], [0.299583, -2.3278516404768563], [0.313672, -2.346162795428694], [0.31369, -2.06733027859858], [0.349421, -0.8806981742962336], [0.349437, -0.3565701804496797], [0.363412, -0.9381147579488399], [0.36345, -0.2782494618256799], [0.399198, 1.5283325399098255], [0.399213, 1.9359734164983105], [0.413256, 1.9185072271151968], [0.413275, 1.5764845007277473], [0.44907, 0.19025903169467512], [0.449104, -0.13037507409860188], [0.463028, -0.1846941633154288], [0.463055, 0.2549845989891652], [0.4988, 2.0765469612889724], [0.498817, 2.586670571263233], [0.512852, 2.368067165717929], [0.512882, 2.31476377687478], [0.548326, 1.6826994748339563], [0.548346, 1.6108294638430565], [0.5627, 1.4594237964719106], [0.562717, 1.808961976687086], [0.598626, 2.925818831348513], [0.598649, 2.8431940468084633], [0.612942, 3.662383215304176], [0.612961, 2.0909856802168707], [0.647827, -3.0775881618162475], [0.647858, -4.244863177089052], [0.663005, -4.345691012419707], [0.663024, -2.9793269975653063], [0.698326, 2.592463961720734], [0.698359, 4.206349645850017], [0.71243, 3.5528394095057254], [0.712458, 3.2322519070542723], [0.747985, 0.6313768557099293], [0.748007, -0.35426760744052516], [0.762084, 0.4780932325200116], [0.7621, -0.18630702131755567], [0.798086, -1.4706077914582112], [0.798108, -1.6807266836948664], [0.811986, -1.8390703031633246], [0.812016, -1.3599410867770318], [0.84816, 0.21355292223151068], [0.84818, 0.5130992168627235], [0.86228, 0.7455130791056699], [0.86231, -0.04032995164898617], [0.897585, -2.8075933209065163], [0.897625, -3.666538427006152], [0.911591, -3.3434472656250014]], "pos": [[0, -0.06807786704139357], [0.050775, -0.06608382119549337], [0.120314, -0.07625043313566353], [0.30084, -0.10039741732629429], [0.350856, -0.1282484276034165], [0.451447, -0.14633896828032142], [0.52156, -0.14564286185354935], [0.682226, -0.1266057141975953], [0.802482, -0.0999718786436646], [0.85266, -0.07480722115442551]], "vel_acc": [[0, 0.0], [6.1e-05, 1.173038084414354e-07], [0.015143, -0.00013691388136034417], [0.015161, -0.00013705513519875721], [0.049758, 0.00026372917436386415], [0.049787, 0.0002622017576499137], [0.064741, 0.0011015665916873218], [0.064785, 0.0010986432194445683], [0.100597, -0.04644762290274998], [0.100621, -0.04650987536070967], [0.114663, -0.08466439391664463], [0.114685, -0.08472148891461767], [0.150308, -0.17552016423244543], [0.150326, -0.17556170899519985], [0.164297, -0.20958147365679836], [0.164314, -0.20962060712954061], [0.200586, -0.23467936489654295], [0.200628, -0.23464363438314687], [0.214603, -0.21966367460137357], [0.214636, -0.21963543747779185], [0.249964, -0.21630409626367156], [0.249998, -0.21633200168583672], [0.264017, -0.22809092495340508], [0.264045, -0.22811400732512685], [0.299559, -0.2839406587394832], [0.299583, -0.2839936742559907], [0.313672, -0.3169197689497274], [0.31369, -0.3169594903873937], [0.349421, -0.36962749271258594], [0.349437, -0.3696373908594239], [0.363412, -0.37868400186648354], [0.36345, -0.37870711278665925], [0.399198, -0.3563631278489832], [0.399213, -0.3563371455543102], [0.413256, -0.32927290971517786], [0.413275, -0.3292397072937634], [0.44907, -0.29761941492223304], [0.449104, -0.29761839689495395], [0.463028, -0.2998119089258304], [0.463055, -0.2998109600049488], [0.4988, -0.25814066219387777], [0.498817, -0.25810102484485115], [0.512852, -0.2233311527755859], [0.512882, -0.2232609103114471], [0.548326, -0.15241786656466483], [0.548346, -0.15238493127527802], [0.5627, -0.13034972362599753], [0.562717, -0.1303219423469256], [0.598626, -0.045311320329050504], [0.598649, -0.04524497668095171], [0.612942, 0.001247131222736262], [0.612961, 0.0013017882272436856], [0.647827, -0.015897652834478283], [0.647858, -0.01601115083023133], [0.663005, -0.08107171298447555], [0.663024, -0.08114130065557036], [0.698326, -0.08796982010126292], [0.698359, -0.08785763967673817], [0.71243, -0.033267865077782614], [0.712458, -0.03317287379935068], [0.747985, 0.035458695728011164], [0.748007, 0.03546174392974213], [0.762084, 0.03633329059186409], [0.7621, 0.036335624881553716], [0.798086, 0.0065227566552793735], [0.798108, 0.006488091976052566], [0.811986, -0.01793577931575633], [0.812016, -0.017983764486605394], [0.84816, -0.03870129139627209], [0.84818, -0.03869402487488114], [0.86228, -0.029820808188303963], [0.86231, -0.02981023044139212], [0.897585, -0.08004047716108971], [0.897625, -0.08016995979604812], [0.911591, -0.12912068988769157]], "vel_pos": [[0, 0.03927219785130866], [0.050775, -0.14620014581990187], [0.120314, -0.13375903853533982], [0.30084, -0.5568420160972939], [0.350856, -0.17984253737317338], [0.451447, 0.0099283503312091], [0.52156, 0.11848896254312687], [0.682226, 0.22147614716879604], [0.802482, 0.5015077820805754], [0.85266, 0.5015077820805754]],