{"acc": [[0, -2.8449465006019636e-16], [2.9e-05, -0.07943174788806684], [0.014047, 0.17116943185624545], [0.014064, -0.24836161254579803], [0.049672, -1.5822606712170915], [0.049691, -2.0659915411209786], [0.064844, -1.65536590612061], [0.064863, -2.0172885396580744], [0.099872, -2.870803280277687], [0.09989, -3.0308524348402734], [0.113834, -3.080243598750013], [0.113873, -2.8385098743599335], [0.149384, -1.9175978390449608], [0.149414, -1.6926983614955458], [0.164473, -1.725617868118466], [0.164499, -1.8636142981571475], [0.199748, -2.4308223870630936], [0.199777, -2.4308088013584763], [0.213887, -2.7737074828866124], [0.213909, -2.0698534088425538], [0.249581, 0.31988970651980275], [0.249601, 0.9222827786382024], [0.263453, 0.8175535749372569], [0.26348, 0.4266788217727526], [0.29876, -1.3739249128510789], [0.298789, -1.9564750666352844], [0.31355, -1.6434073707412256], [0.313574, -1.6582480734568141], [0.349127, -1.023313224357365], [0.349143, -0.576653105674116], [0.363224, -1.3025120469004685], [0.36325, -0.27452859960857623], [0.398851, 2.8585881766849015], [0.398869, 3.7119908388459564], [0.413668, 3.3634496943316616], [0.413692, 3.260059217509294], [0.448724, 2.293229164214198], [0.448753, 2.0884952602298146], [0.462633, 2.001652229016366], [0.462681, 2.3748466374474804], [0.498206, 3.7951045342653873], [0.498237, 3.9349951706967756], [0.512138, 4.36974426679659], [0.512165, 3.3644821282149713], [0.548473, -0.10418115262846284], [0.548489, -0.787562062031246], [0.562512, -1.06706474374672], [0.562535, 0.15703188315175748], [0.598202, 4.7199541175906], [0.598224, 5.747276667614937], [0.612404, 5.922074719321611], [0.612428, 4.509288838018477], [0.647675, -1.3750357885774283], [0.647695, -3.1411274242647442], [0.661597, -2.1428660839683396], [0.661619, -2.454489297596284], [0.697149, -2.2947170610509686], [0.697169, -2.5607976903961367], [0.711521, -1.6410749839056957], [0.71154, -3.338691804743833], [0.746818, -8.804872854094738], [0.746844, -10.44718739931156], [0.761881, -9.833950195312504]], "pos": [[0, 0.04336939827230432], [0.040394, 0.037726471858375125], [0.161017, 0.02876448937103991], [0.21099, 0.0166093769039063], [0.271234, 0.0017136147046862365], [0.341169, -0.015273596840040595], [0.421722, -0.02864313956517394], [0.491647, -0.030204131878083608], [0.572077, -0.018758012487979574], [0.652382, -0.0008056941764744037], [0.722509, 0.017699806668600212], [0.792586, 0.03522825595326709]], "vel_acc": [[0, 0.0], [2.9e-05, -1.1517603443769734e-06], [0.014047, 0.0006418376665885868], [0.014064, 0.0006411815330527257], [0.049672, -0.03195121760706176], [0.049691, -0.03198587600307897], [0.064844, -0.060180740702104864], [0.064863, -0.06021563091933978], [0.099872, -0.14577923418140531], [0.09989, -0.14583234908284137], [0.113834, -0.18843891062903284], [0.113873, -0.18855432632175848], [0.149384, -0.27300139682711905], [0.149414, -0.27305555127012715], [0.164473, -0.2987937633210059], [0.164499, -0.2988404233391675], [0.199748, -0.37452772269783163], [0.199777, -0.37459821635006374], [0.213887, -0.4113160787354128], [0.213909, -0.41136935790522183], [0.249581, -0.44258171049985046], [0.249601, -0.44256928877499885], [0.263453, -0.4305191821901352], [0.26348, -0.4305023850527796], [0.29876, -0.44721180609940125], [0.298789, -0.4472600968991038], [0.31355, -0.4738290292281611], [0.313574, -0.47386864909349147], [0.349127, -0.5215374235040853], [0.349143, -0.5215502232347254], [0.363224, -0.5347804854914269], [0.36325, -0.5348009870198315], [0.398851, -0.48880343451808445], [0.398869, -0.4887442993069448], [0.413668, -0.43638957708169696], [0.413692, -0.4363100949747548], [0.448724, -0.33903869568048606], [0.448753, -0.3389751606763316], [0.462633, -0.31058953710096315], [0.462681, -0.310484501128168], [0.498206, -0.20089074344061825], [0.498237, -0.20077092689519133], [0.512138, -0.14304883543489372], [0.512165, -0.14294442337856106], [0.548473, -0.08375691946776358], [0.548489, -0.08376405341348087], [0.562512, -0.09676776926219308], [0.562535, -0.09677823464008992], [0.598202, -0.009804504795851071], [0.598224, -0.009689365257213988], [0.612404, 0.07304633607616597], [0.612428, 0.07317151243885417], [0.647675, 0.12840802105567853], [0.647695, 0.12836285942355008], [0.661597, 0.09163382054782199], [0.661619, 0.09158324963862485], [0.697149, 0.00721359867725626], [0.697169, 0.007165043529741731], [0.711521, -0.022987594781048053], [0.71154, -0.0230349025655402], [0.746818, -0.23723523958279394], [0.746844, -0.23748551636608795], [0.761881, -0.38996924937126975]], "vel_pos": [[0, -0.13969714348490342], [0.040394, -0.07429745974926193], [0.161017, -0.24323359548423365], [0.21099, -0.24725719074463964], [0.271234, -0.24290000063954853], [0.341169, -0.16597200259622047], [0.421722, -0.02232380855072817], [0.491647, 0.1423115676999135], [0.572077, 0.223551688082998], [0.652382, 0.26388553403217924], [0.722509, 0.2501312739510376], [0.792586, 0.2501312739510376]], "vel_est": [[0, 0.10760956635230078], [2.9e-05, 0.10747336484707207], [0.014047, 0.04411033781418233], [0.014064, 0.04403646404433062], [0.049672, -0.09546961546376613], [0.049691, -0.09553613931110298], [0.064844, -0.14600487170260418], [0.064863, -0.14606494943298176], [0.099872, -0.24367327588867083], [0.09989, -0.24371692542179202], [0.113834, -0.275596092494042], [0.113873, -0.27567990312586427], [0.149384, -0.34015048723806746], [0.149414, -0.3401952833325851], [0.164473, -0.3607216370489268], [0.164499, -0.36075374588331643], [0.199748, -0.39427403915601267], [0.199777, -0.3942936969977925], [0.213887, -0.4024002375228797], [0.213909, -0.40241064348764044], [0.249581, -0.4106921410774692], [0.249601, -0.41069219120879985], [0.263453, -0.4095740264685894], [0.26348, -0.4095696443278072], [0.29876, -0.3970589235017662], [0.298789, -0.3970433797034246], [0.31355, -0.3881059649417096], [0.313574, -0.3880898126391685], [0.349127, -0.35894261671748307], [0.349143, -0.3589273287110008], [0.363224, -0.3448021802287424], [0.36325, -0.34477490474779554], [0.398851, -0.3038514873698127], [0.398869, -0.3038291891344263], [0.413668, -0.28504359037601973], [0.413692, -0.2850124369737932], [0.448724, -0.2376999908268665], [0.448753, -0.2376596152585172], [0.462633, -0.21818820856637233], [0.462681, -0.21812044566842886], [0.498206, -0.16771043193497576], [0.498237, -0.1676665616434283], [0.512138, -0.14809912917615814], [0.512165, -0.14806137286298793], [0.548473, -0.09874582335383693], [0.548489, -0.09872491834616577], [0.562512, -0.08077006627429238], [0.562535, -0.08074125960576127], [0.598202, -0.039155066175616274], [0.598224, -0.03913156409109657], [0.612404, -0.024622655557001702], [0.612428, -0.024599223501339737], [0.647675, 0.005173226960967683], [0.647695, 0.005187269484130591], [0.661597, 0.0140824475876897], [0.661619, 0.014095116506696204], [0.697149, 0.028202671863777146], [0.697169, 0.028206815498713095], [0.711521, 0.029988320574070346], [0.71154, 0.02998906669042163], [0.746818, 0.02347938582535833], [0.746844, 0.023468484040636256], [0.761881, 0.015557234632198255]]}