{"acc": [[0, -7.19910242530375e-17], [1.8e-05, 0.02039988448986187], [0.015094, -0.03342490031508642], [0.015114, 0.02405377047486124], [0.050506, 0.03290417056207729], [0.050538, -0.1627587124615981], [0.064633, 0.359088970611467], [0.06466, -0.5258002066515596], [0.100278, -3.3736620286869736], [0.100298, -4.228484769293559], [0.115291, -3.799951013673125], [0.115322, -3.79403722194751], [0.150792, -2.8658217525378995], [0.150816, -2.2308539722733123], [0.165249, -3.247222002849927], [0.165272, -1.7982488132527705], [0.199816, 2.594676190080445], [0.199842, 3.927689336098255], [0.214737, 3.188400619362715], [0.214771, 3.358237088225157], [0.249609, 2.7447952164004406], [0.249633, 2.1440225440286635], [0.26468, 3.163813839682714], [0.264698, 1.7159665296828488], [0.300203, -2.5266177223425843], [0.300237, -3.5870730782937783], [0.314251, -3.4452949948298297], [0.314269, -2.6718322571196067], [0.349876, 0.9276241026870331], [0.3499, 2.24134430392101], [0.363811, 1.136248142606227], [0.363835, 2.0767627158090427], [0.399446, 4.172516280867305], [0.399472, 4.740124363167263], [0.413593, 4.473840560725042], [0.413619, 4.488733711929988], [0.449194, 4.148384436440078], [0.44922, 3.9365600724681857], [0.463291, 4.223692673269044], [0.46333, 3.8378243765035847], [0.499, 2.610885640074769], [0.499018, 2.1306343077467504], [0.513941, 2.6442012477579], [0.513958, 2.050354692270312], [0.54844, 0.3286873540734403], [0.548462, -0.1919586426326012], [0.56357, 0.14748020224385322], [0.563617, -0.04209575404608919], [0.59825, -0.30762883389335216], [0.598279, -0.32416287344934214], [0.613313, -0.3869932887014341], [0.613335, -0.25579648667835553], [0.648828, 0.131115220737438], [0.648847, 0.24146700955213007], [0.662776, 0.22666887546941214], [0.662808, 0.1332188260581637], [0.698794, -0.3589303645756322], [0.698816, -0.6210927699726333], [0.712736, -0.24879443898360176], [0.712774, -0.7547130591765495], [0.748146, -2.182190320144997], [0.748188, -2.610663884633782], [0.762309, -2.452500000000001]], "pos": [[0, -0.04837986802069874], [0.060414, -0.054507145862379265], [0.140735, -0.06824741667972167], [0.220852, -0.09000115531486272], [0.311137, -0.11214140314261255], [0.441535, -0.12220154584391563], [0.612687, -0.11482667432950816], [0.662201, -0.09920779768012335], [0.732262, -0.08504728064503059]], "vel_acc": [[0, 0.0], [1.8e-05, 1.835989604087562e-07], [0.015094, -9.799897033013392e-05], [0.015114, -9.809268162853619e-05], [0.050506, 0.000909835042961128], [0.050538, 0.0009077573702907358], [0.064633, 0.0022913948646019365], [0.06466, 0.0022891442629153955], [0.100278, -0.06715637868622856], [0.100298, -0.06723240015420834], [0.115291, -0.12741756900121812], [0.115322, -0.1275352758188702], [0.150792, -0.245647874731369], [0.150816, -0.24570903484006676], [0.165249, -0.2852415701145436], [0.165272, -0.28529959302892877], [0.199816, -0.27154369937636114], [0.199842, -0.2714589086245208], [0.214737, -0.21846182868122518], [0.214771, -0.21835053584019629], [0.249609, -0.11204181612592298], [0.249633, -0.11198315031279783], [0.26468, -0.07204964327994519], [0.264698, -0.07200572525662098], [0.300203, -0.08639681055431295], [0.300237, -0.08650074329792369], [0.314251, -0.1357765463863009], [0.314269, -0.1358316005315685], [0.349876, -0.16688461040900884], [0.3499, -0.16684658278812958], [0.363811, -0.14335373852630937], [0.363835, -0.14331518239600835], [0.399446, -0.03204364522068762], [0.399472, -0.031927780892315294], [0.413593, 0.03312741845282631], [0.413619, 0.03324393191837094], [0.449194, 0.18687667098250332], [0.44922, 0.18698177526111928], [0.463291, 0.24439323345375355], [0.46333, 0.24455043303622417], [0.499, 0.35956317618189904], [0.499018, 0.35960584986142946], [0.513941, 0.39523328535882735], [0.513958, 0.3952731890843177], [0.54844, 0.43629025300533036], [0.548462, 0.4362917570211562], [0.56357, 0.43595576688245957], [0.563617, 0.43595824341699224], [0.59825, 0.42990223758993895], [0.598279, 0.42989307661018245], [0.613313, 0.424547315739295], [0.613335, 0.42454024505176585], [0.648828, 0.42232758896574535], [0.648847, 0.4223311284969331], [0.662776, 0.4255914608681657], [0.662808, 0.4255972190713901], [0.698794, 0.42153599135884523], [0.698816, 0.42152521110436525], [0.712736, 0.4154707961300298], [0.712774, 0.41545172948756476], [0.748146, 0.36350965632088394], [0.748188, 0.36340900638258367], [0.762309, 0.3276605377751267]], "vel_pos": [[0, -0.10142148908664422], [0.060414, -0.17106697896368847], [0.140735, -0.27152462817056344], [0.220852, -0.24522620399567843], [0.311137, -0.07714951687374866], [0.441535, 0.04308960172482628], [0.612687, 0.3154436452192268], [0.662201, 0.20211696999889772], [0.732262, 0.20211696999889772]], "vel_est": [[0, 0.07733228944340159], [1.8e-05, 0.07726154516624494], [0.015094, 0.02125669142653662], [0.015114, 0.02118665011420587], [0.050506, -0.08583204299884878], [0.050538, -0.08591396426837389], [0.064633, -0.11950587018993417], [0.06466, -0.11956550925407086], [0.100278, -0.18329855131972222], [0.100298, -0.18332624639682726], [0.115291, -0.20166537894974818], [0.115322, -0.20169836678484798], [0.150792, -0.22685345896150472], [0.150816, -0.2268623159813586], [0.165249, -0.23031059454405367], [0.165272, -0.2303131530848721], [0.199816, -0.224292272749399], [0.199842, -0.22428067916411842], [0.214737, -0.21602096666931753], [0.214771, -0.21599850609771826], [0.249609, -0.18505756048634675], [0.249633, -0.18503112655565562], [0.26468, -0.1672028479785375], [0.264698, -0.16718006753717055], [0.300203, -0.1162300634782861], [0.300237, -0.11617601117712173], [0.314251, -0.09315340783918538], [0.314269, -0.09312292445721629], [0.349876, -0.028973640305864537], [0.3499, -0.028928163587920233], [0.363811, -0.0021733120351372093], [0.363835, -0.002126525415757266], [0.399446, 0.06894343934648481], [0.399472, 0.06899614645191492], [0.413593, 0.09768261645039525], [0.413619, 0.09773548527357928], [0.449194, 0.16951337557263677], [0.44922, 0.1695650398411659], [0.463291, 0.19724012006983704], [0.46333, 0.19731594390952592], [0.499, 0.2638843414553908], [0.499018, 0.2639162631874824], [0.513941, 0.289669737960738], [0.513958, 0.2896982211398662], [0.54844, 0.3427830996321334], [0.548462, 0.3428136707210463], [0.56357, 0.36268231010347385], [0.563617, 0.36274048732367326], [0.59825, 0.3987863413154764], [0.598279, 0.3988104068075924], [0.613313, 0.4097768042697443], [0.613335, 0.4097905857776252], [0.648828, 0.42265712583280657], [0.648847, 0.4226587197065747], [0.662776, 0.42219084311806254], [0.662808, 0.4221859325706262], [0.698794, 0.40478025016621855], [0.698816, 0.4047620132466303], [0.712736, 0.39124906876935117], [0.712774, 0.39120669864855473], [0.748146, 0.338102131776089], [0.748188, 0.338022234360354], [0.762309, 0.30877940507637686]]}