{"acc": [[0, 3.469446951953614e-17], [2.7e-05, 0.06837099811643879], [0.013989, -0.10935994255741394], [0.014012, 0.07056717993790573], [0.049355, 0.13219097338218508], [0.049385, -0.5778752869048053], [0.06434, 1.2293927827293973], [0.064367, -1.738169363042142], [0.114076, -11.058289507253864], [0.114098, -13.346483653241771], [0.129142, -13.11689175395284], [0.12916, -11.274008580797656], [0.165065, -2.9735376167321257], [0.16508, -0.06103386587483817], [0.17921, -2.2514033795727073], [0.179236, -0.7614544122964961], [0.214675, 1.6601467436881732], [0.214696, 1.8156056379984438], [0.228695, 2.5906749513369496], [0.228733, 0.9922589134703286], [0.263959, -4.1836619435634965], [0.264023, -5.214203636503174], [0.278129, -5.61267162855543], [0.278146, -3.870898130254834], [0.314281, 2.6096090728992927], [0.314299, 3.698939071463106], [0.328156, 4.7069572466396306], [0.328184, 1.6344415510902868], [0.363982, -9.41291463660697], [0.363995, -11.643877630427049], [0.378138, -12.523250689765693], [0.378158, -8.523886116233681], [0.414019, 6.858572187189977], [0.414046, 10.747924926132232], [0.428026, 10.106037303410066], [0.428042, 7.529519814994448], [0.463842, -4.42519170043685], [0.463866, -7.590094732986909], [0.477792, -6.926793502879733], [0.477811, -5.017688448943771], [0.513292, 4.468551979541719], [0.513322, 7.2436137371646625], [0.527571, 6.009432082121945], [0.527593, 5.670601612603132], [0.562958, 2.0049567616628554], [0.562979, 0.8126098881317935], [0.576939, 1.422085730311474], [0.576956, 1.5118616761483306], [0.61299, 3.277724982832688], [0.613022, 4.2981947384077674], [0.62701, 2.893655507281648], [0.62703, 4.64316606904055], [0.662676, 9.35013291650819], [0.662691, 10.021000744965162], [0.676948, 11.019873496924692], [0.676977, 8.36972272581011], [0.712408, -0.9756123495703135], [0.712438, -3.3496309259829595], [0.726636, -2.9499680009437244], [0.726659, -1.3999993754953288], [0.762847, 5.7887567179389565], [0.762869, 7.860625604972401], [0.776822, 7.092694970239069], [0.776844, 6.512446146087429], [0.811716, 2.3960669959611325], [0.811736, 0.9703731008942061], [0.826739, 2.1186568749498242], [0.826765, 1.1912540356954924], [0.86195, -0.9671773913093783], [0.861979, -1.9491231979804815], [0.875888, -0.6185568914597622], [0.875922, -2.4589664283651267], [0.911737, -8.109561894735002], [0.91176, -9.889336960721298], [0.925813, -8.807801817771132], [0.925841, -9.153764648437505]], "pos": [[0, -0.0643723657304721], [0.040343, -0.06463437329241517], [0.130452, -0.08261867946789439], [0.331335, -0.11795193823791975], [0.501532, -0.14937382412865757], [0.55199, -0.15725396330222263], [0.712406, -0.1428308604291036], [0.75251, -0.1194241552699591], [0.832766, -0.0964379011008761], [0.90287, -0.07580172069872122]], "vel_acc": [[0, 0.0], [2.7e-05, 9.230084745719241e-07], [0.013989, -0.0002852208126678756], [0.014012, -0.000285666929438], [0.049355, 0.0032973737769579846], [0.049385, 0.003290688512255147], [0.06434, 0.008162410587283533], [0.064367, 0.00815554210344931], [0.114076, -0.3098940448883228], [0.114098, -0.3101624973930884], [0.129142, -0.5092200072060062], [0.12916, -0.5094395253090189], [0.165065, -0.7652185984201723], [0.16508, -0.7652413577062918], [0.17921, -0.7815787268453787], [0.179236, -0.7816178939966729], [0.214675, -0.7656935152305782], [0.214696, -0.7656570198305704], [0.228695, -0.7348152588455173], [0.228733, -0.7347471831020861], [0.263959, -0.790957364671117], [0.264023, -0.7912580963696793], [0.278129, -0.8676200476141377], [0.278146, -0.8677006579570875], [0.314281, -0.8904889980008588], [0.314299, -0.8904322210675594], [0.328156, -0.8321919684275846], [0.328184, -0.8321031888444165], [0.363982, -0.9713300786020798], [0.363995, -0.9714669477518153], [0.378138, -1.1423647956680578], [0.378158, -1.1425752670361182], [0.414019, -1.1724351784408362], [0.414046, -1.1721974907298063], [0.428026, -1.0264282947453058], [0.428042, -1.026287210288359], [0.463842, -0.9707197370377779], [0.463866, -0.970863920474979], [0.477792, -1.0719450132613184], [0.477811, -1.0720584858398607], [0.513292, -1.0818004413752877], [0.513322, -1.0816247588895374], [0.527571, -0.9872034339500295], [0.527593, -0.9870749535793877], [0.562958, -0.8513518926264294], [0.562979, -0.8513223081766066], [0.576939, -0.8357241327598726], [0.576956, -0.8356991942069175], [0.61299, -0.7494052113720565], [0.613022, -0.7492839966565169], [0.62701, -0.6989841960381652], [0.62703, -0.6989088278224019], [0.662676, -0.4495062600029661], [0.662691, -0.4493609765005052], [0.676948, -0.2993711044671937], [0.676977, -0.29908995532196353], [0.712408, -0.16809959295168744], [0.712438, -0.16816447160082068], [0.726636, -0.212885324383073], [0.726659, -0.21293534900790226], [0.762847, -0.1335251736537273], [0.762869, -0.13337503044817547], [0.776822, -0.029053189455212694], [0.776844, -0.02890353290293333], [0.811716, 0.12642530224182547], [0.811736, 0.12645896664279405], [0.826739, 0.14963132500658802], [0.826765, 0.14967435384842637], [0.86195, 0.15361642221478908], [0.861979, 0.1535741358562443], [0.875888, 0.13571720467423218], [0.875922, 0.1356648867777952], [0.911737, -0.05359103416812058], [0.91176, -0.05379802150495829], [0.925813, -0.1851734671320352], [0.925841, -0.18542492906256236]], "vel_pos": [[0, -0.006494498722035299], [0.040343, -0.19958390588597383], [0.130452, -0.17588974064517834], [0.331335, -0.18462068009857904], [0.501532, -0.15617224570068236], [0.55199, 0.08991062533113307], [0.712406, 0.5836501386182045], [0.75251, 0.28641165980217054], [0.832766, 0.2943652345394685], [0.90287, 0.2943652345394685]],